id,question,baseline_status,new_status,baseline_pred,new_pred,original_first_query,oracle_first_query,oracle_rewrite_applied,baseline_acc,new_acc,delta_acc,baseline_em,new_em,delta_em,baseline_f1,new_f1,delta_f1,baseline_gpt_acc,new_gpt_acc,delta_gpt_acc,baseline_precision,new_precision,delta_precision,baseline_recall,new_recall,delta_recall,baseline_rouge-l,new_rouge-l,delta_rouge-l
0052ed39-fc84-4834-be20-a544760059bd,in what regions has this fish become invasive?,missing_final_answer,missing_final_answer,"<Thought>
The retrieved documents do not provide a clear identification of the fish species in the image. The image shows a fish that appears to be a betta fish, but the documents do not mention betta fish. I need to identify the fish species in the image to determine the regions where it has become invasive.
</Thought>
<Sub-Question>
What is the species of the fish in the image?
</Sub-Question>
<Search>
Image Retrieval: fish species identification from the image
</Search>","<Thought>
The retrieved documents provide information about the natural habitat and care of Betta splendens, but they do not directly address the invasive regions of the species. To determine the specific regions where Betta splendens has become invasive, we need to research the spread of the species in different regions.
</Thought>
<Sub-Question>
In which regions has the Siamese Fighting Fish (Betta splendens) become invasive?
</Sub-Question>
<Search>
Text Retrieval: ""invasive regions for Betta splendens""",species of the fish in the image,Siamese fighting fish,True,0.0,0.0,0.0,0.0,0.0,0.0,0.10526315789473684,0.12987012987012989,0.02460697197539305,0.0,,,0.0625,0.07692307692307693,0.014423076923076927,0.3333333333333333,0.4166666666666667,0.08333333333333337,0.16949152198793457,,
00a22a0a-7476-4b14-93b7-1e7d1c745959,why does this cause sensitivity to bright light?,missing_final_answer,ok,"<Thought>
The retrieved documents provide information about various conditions that can cause sensitivity to bright light, such as photophobia, migraine headaches, TMJ, cataracts, Sjögren syndrome, mild traumatic brain injury (MTBI), or severe ophthalmologic diseases such as uveitis or corneal abrasion. The documents also mention that the human eye is sensitive to intense light because it can damage the retina and even blind the individual. The peak sensitivity of the dark-adapted human eye is at about 507 nm, a blue-green color, while the light-adapted eye is most sensitive about 555 nm, a yellow-green.
</Thought>
<Sub-Question>
What are the common causes of sensitivity to bright light?
</Sub-Question>
<Search>
Text Retrieval: common causes of sensitivity to bright light
</Search>","The condition that causes sensitivity to bright light is albinism, a genetic condition characterized by a lack of pigment in the eyes. This lack of pigment in the retinal pigment epithelium and the iris makes individuals with albinism more sensitive to bright light and glare, which can cause discomfort and strain. The use of sunglasses and brimmed hats can help reduce this sensitivity.",causes of sensitivity to bright light,albinism causes sensitivity to bright light,True,0.0,0.0,0.0,0.0,0.0,0.0,0.12903225806451613,0.26666666666666666,0.13763440860215054,0.0,,,0.0761904761904762,0.17857142857142858,0.10238095238095238,0.42105263157894735,0.5263157894736842,0.10526315789473684,0.1428571398583924,,
01312d48-b0fe-4128-aa01-db254703b1be,who made this painting?,generation_error,ok,"<Thought>
The retrieved documents do not provide information about the painting in the image. The documents are about other paintings by different artists. Therefore, we need to search for more specific information about the painting in the image.
</Thought>
<Sub-Question>
Who made this painting?
</Sub-Question>
<Search>
Text Retrieval: information about the painting in the image
</Search>","The painting ""Untitled (Paths, crossing—blue)"" was made by Cy Gavin.",abstract painting with night sky and landscape,"Untitled (Paths, Crossing—Blue)",True,0.0,0.0,0.0,0.0,0.0,0.0,0.03508771929824561,0.6666666666666666,0.631578947368421,0.0,,,0.020833333333333332,0.6666666666666666,0.6458333333333333,0.1111111111111111,0.6666666666666666,0.5555555555555556,0.08333333003472235,,
016d69b8-063d-4677-9352-38f7bab5e790,what is this plant's common name?,missing_final_answer,ok,"<Thought>
The retrieved documents do not contain the specific plant in the image. The plant in the image has variegated leaves, which is not described in the retrieved documents. I need to identify the plant in the image to find its common name.
</Thought>
<Sub-Question>
What is the plant in the image?
</Sub-Question>
<Search>
Image Retrieval: plant with variegated leaves
</Search>",The common name of the plant in the image is spider plant.,,Dracaena reflexa,False,0.0,0.0,0.0,0.0,0.0,0.0,0.09523809523809523,0.380952380952381,0.28571428571428575,0.0,,,0.058823529411764705,0.4444444444444444,0.3856209150326797,0.25,0.3333333333333333,0.08333333333333331,0.1276595711181531,,
0243cd11-aebe-4316-b4f5-b9f7e9362390,what is the river in front of the building across from me?,missing_final_answer,ok,"<Thought>
The retrieved documents suggest that the river in the image could be the Singapore River, as it is mentioned in the context of the Parliament House and Raffles Place in Singapore. However, the image does not provide enough specific details to confirm this. The river could also be the St. Johns River in Jacksonville, Florida, or the Grand River in Grand Rapids, Michigan, based on the context of the buildings across from the river. Without more specific information, it is not possible to definitively identify the river.
</Thought>
<Sub-Question>
What is the name of the river in the image?
</Sub-Question>
<Search>
Text Retrieval: ""river in the image with a building across from it""
</Search>",The river in front of the building across from you is the Arkansas River.,building across from the river in the image,Exploration place river,True,0.0,0.0,0.0,0.0,0.0,0.0,0.11428571428571428,0.7000000000000001,0.5857142857142857,0.0,,,0.0625,0.6363636363636364,0.5738636363636364,0.6666666666666666,0.7777777777777778,0.11111111111111116,0.12499999800312502,,
028be9a7-9167-4941-96f1-1923ba68a551,when did the ohio manufacturing plant that manufactures this car first open?,missing_final_answer,ok,"<Thought>
The documents do not provide specific information about the Honda manufacturing plant in Ohio. I need to find more specific information about the Honda manufacturing plant in Ohio.
</Thought>
<Sub-Question>
When did the Honda manufacturing plant in Ohio first open?
</Sub-Question>
<Search>
Text Retrieval: ""Honda manufacturing plant in Ohio opening date""
</Search>",The Honda CR-V production at the East Liberty Auto Plant in Ohio first opened in December 1998.,model of the car in the image,East Liberty Auto Plant,True,0.0,0.0,0.0,0.0,0.0,0.0,0.07142857142857142,0.5454545454545455,0.47402597402597413,0.0,,,0.04081632653061224,0.4,0.3591836734693878,0.2857142857142857,0.8571428571428571,0.5714285714285714,0.1428571397732427,,
03205759-8fe0-4e8e-bf78-9a0c2afbcc02,what was the name of the film the director of this film directed in 2012?,generation_error,missing_final_answer,"<Thought>
The name of the film directed by Gilles Bourdos in 2012 is ""Renoir"". This film was a French drama based on the last years of Pierre-Auguste Renoir at Cagnes-sur-Mer during World War I and competed in the Un Certain Regard section at the 2012 Cannes Film Festival.
</Thought>
<Sub-Question>
What is the name of the film directed by Gilles Bourdos in 2012?
</Sub-Question>
<Search>
Text Retrieval: film directed by Gilles Bourdos in 2012
</Search>","<Thought>
The retrieved documents do not provide information about a film directed by Gore Verbinski in 2012. We need to search for more specific information about Gore Verbinski's films in 2012.
</Thought>
<Sub-Question>
What is the name of the film directed by Gore Verbinski in 2012?
</Sub-Question>
<Search>
Text Retrieval: ""Gore Verbinski 2012 film</Search>",director of this film directed in 2012,director of Total Recall 2012,True,0.0,0.0,0.0,0.0,0.0,0.0,0.10389610389610389,0.13333333333333333,0.029437229437229442,0.0,,,0.05970149253731343,0.08,0.02029850746268657,0.4,0.4,0.0,0.16666666367222227,,
03d3c498-f874-4948-b85a-5e16cae52211,does this car have a larger trunk space than the q2 model?,missing_final_answer,missing_final_answer,"<Thought>
The retrieved documents do not provide specific information about the trunk space of the car in the image or the Q2 model. The documents are about various topics such as car types, parking spaces, and spacecraft trunks, which are not relevant to the question. We need more specific information about the trunk space of the car in the image and the Q2 model to answer the question.
</thought>
<Sub-Question>
What is the trunk space of the car in the image?
</Sub-Question>
<Search>
Text Retrieval: trunk space of the car in the image.
</Search>","<Thought>
The retrieved documents provide information about the Audi Q3 and its comparison with the Audi Q5. However, there is no specific information about the trunk space of the Q2 model. To answer the question, we need to compare the trunk space of the car in the image with the Q2 model.
</Thought>
<Sub-Question>
Does the car in the image have a larger trunk space than the Q2 model?
</Sub-Question>
<Search>
Text Retrieval: Audi Q2 trunk space comparison</Search>",car trunk space comparison between the car in the image and the Q2 model.,Audi Q3,True,0.0,0.0,0.0,0.0,0.0,0.0,0.08602150537634409,0.225,0.1389784946236559,0.0,,,0.05194805194805195,0.140625,0.08867694805194805,0.25,0.5625,0.3125,0.1212121173875116,,
04ceb762-12f7-4de8-8e1f-a13907b4265e,"how long are the leaves of this plant, usually?",ok,ok,"The typical length of the leaves of the plant in the image, which is likely Borage (Borago officinalis), is usually between 5 and 15 cm (2 and 6 inches).","The leaves of Cordyline australis, the plant in the image, are typically up to 1 metre (3 feet 3 inches) long.","identify the plant species in the image with long, narrow leaves",Cordyline australis,True,0.0,0.0,0.0,0.0,0.0,0.0,0.2,0.5454545454545454,0.3454545454545454,0.0,,,0.16,0.5,0.33999999999999997,0.26666666666666666,0.6,0.3333333333333333,0.2051282003944774,,
05a10b9f-66ad-44b1-846d-148fa7e94a94,does this company also make pizza ovens?,missing_final_answer,ok,"<Thought>
The retrieved documents do not provide information about the ""EXPERT GRILL"" company or its products. We need to search for more specific information about the ""EXPERT GRILL"" company to determine if they make pizza ovens.
</Thought>
<Sub-Question>
Does the company ""EXPERT GRILL"" make pizza ovens?
</Sub-Question>
<Search>
Text Retrieval: information about the company ""EXPERT GRILL"" and their products
</Search>","The company that made the grill in the image, Expert Grill, also makes pizza ovens.",company name of the grill in the image,Expert Grill,True,0.0,0.0,0.0,0.0,0.0,0.0,0.1290322580645161,0.631578947368421,0.5025466893039049,0.0,,,0.07272727272727272,0.5,0.42727272727272725,0.5714285714285714,0.8571428571428571,0.2857142857142857,0.08510638044363973,,
065f0c8d-77b8-4a2f-b39a-319780cf7417,how many locations?,missing_final_answer,missing_final_answer,"<Thought>
The retrieved documents do not contain information about the number of locations for Realmuto. We need to search for more relevant information.
</Thought>
<Sub-Question>
How many locations does Realmuto have?
</Sub-Question>
<Search>
Text Retrieval: Realmuto locations
</Search>","<Thought>
The documents provide information about the opening of a new location of Realmuto Alta Pasticceria Italiana in the West Village, New York City. However, they do not mention the total number of locations for the Realmuto chain. To answer the question ""how many locations does the Realmuto chain have?"", we need to search for more information about the Realmuto chain.
</Thought>
<Sub-Question>
How many locations does the Realmuto chain have?
</Sub-Question>
<Search>
Text Retrieval: Realmuto chain locations</Search>",number of locations for Realmuto bakery,Realmuto Alta Pasticceria Italiana locations,True,0.0,0.0,0.0,0.0,0.0,0.0,0.08695652173913045,0.20512820512820512,0.11817168338907467,0.0,,,0.05555555555555555,0.11764705882352941,0.06209150326797386,0.2,0.8,0.6000000000000001,0.047619043990929984,,
06bcff5e-2bca-4559-813d-e4c8dd126f90,what are the principal biotic factors of this?,ok,ok,"The principal biotic factors in the image are the food itself, which includes rice, vegetables, and a piece of meat. The food is a source of bacteria, yeasts, and moulds, which are used in food production and fermentation processes.","The principal biotic factors of the food in the image, which includes rice, are crop variety, pests, and plant diseases. These factors can affect the growth and health of the rice, impacting the quality and quantity of the food served.",principal biotic factors in a meal,"principal biotic factors in crop variety, pests, and plant diseases",True,0.0,0.0,0.0,0.0,0.0,0.0,0.23255813953488375,0.4651162790697675,0.23255813953488375,0.0,,,0.15151515151515152,0.30303030303030304,0.15151515151515152,0.5,1.0,0.5,0.25641025236028936,,
06f53a96-6e42-465b-bd4b-8ebb007402e6,in what years was the name of this building officially changed?,missing_final_answer,missing_final_answer,"<Thought>
The retrieved documents do not provide information about the name change of the Mumbai Television Tower. I need to search for historical information about the Mumbai Television Tower to find the years when its name was officially changed.
</thought>
<Sub-Question>
What is the name of the building shown in the image?
</Sub-Question>
<Search>
Text Retrieval: ""Mumbai Television Tower name change""
</Search>","<Thought>
The retrieved documents do not contain the specific information about the years when the name of the Chhatrapati Shivaji Terminus (formerly Victoria Terminus) in Mumbai was officially changed. We need to search for more specific historical records or official documents related to the name change of this building.
</Thought>
<Sub-Question>
In what years was the name of the Chhatrapati Shivaji Terminus (formerly Victoria Terminus) in Mumbai officially changed?
</Sub-Question>
<Search>
Text Retrieval: ""Chhatrapati Shivaji Terminus name official change years""",Chhatrapati Shivaji Terminus name change years,Chhatrapati Shivaji terminus name official change years,True,0.0,0.0,0.0,0.0,0.0,0.0,0.029411764705882353,0.11627906976744186,0.08686730506155951,0.0,,,0.018518518518518517,0.06944444444444445,0.05092592592592593,0.07142857142857142,0.35714285714285715,0.2857142857142857,0.03508771577716256,,
07cc87f8-1b3b-462b-8e76-44475f91a3ea,why was this erected?,missing_final_answer,missing_final_answer,"<Thought>
The documents provide information about the ""Standing Woman"" statue by Gaston Lachaise, including its creation date and the fact that it was cast in 1932. However, there is no specific information provided about the reason for its erection. The documents do not mention any particular reason for the erection of the ""","<Thought>
The retrieved documents do not provide information about the statue in the image. The documents are about different statues and sculptures, but none of them match the statue in the image. We need more specific information about the statue to determine why it was erected.
</Thought>
<Sub-Question>
What is the name of the statue in the image?
</Sub-Question>
<Search>
Text Retrieval: ""name of the statue in the image""",statue of a woman in a flowing dress at night,Winter Wind on the Mesa statue why erected,True,0.0,0.0,0.0,0.0,0.0,0.0,0.09375000000000001,0.10526315789473684,0.011513157894736822,0.0,,,0.06666666666666667,0.07017543859649122,0.0035087719298245584,0.15789473684210525,0.21052631578947367,0.05263157894736842,0.0999999956722224,,
08029d66-61cb-4c23-b762-1ee7648608f2,who wrote this?,missing_final_answer,ok,"<Thought>
The retrieved documents do not provide information about the author of the book shown in the image. The text on the page mentions ""Daniel Starch,"" but there is no direct confirmation of this in the retrieved documents. We need to look at the book's cover or spine to confirm the author.
</Thought>
<Sub-Question>
What is the author of the book shown in the image?
</Sub-Question>
<Search>
Text Retrieval: author of the book shown in the image
</Search>",The author of the book is Tom Burrell.,title of the book being held open in the image,author of the book Brainwashed,True,0.0,0.0,0.0,0.0,0.0,0.0,0,0,0.0,0.0,,,0,0,0.0,0,0,0.0,0.0,,
08c98576-7bea-46ad-8d34-41d660a9b3f3,does this contain soy?,missing_final_answer,ok,"<Thought>
The retrieved documents do not contain any information related to the Six Chili Powder bottle or its ingredients. The images are unrelated to the question. Since the label is not visible in the image, I cannot determine if the Six Chili Powder contains soy. I need to check the label for the specific ingredients.
</Thought>
<Sub-Question>
Is the label on the Six Chili Powder bottle visible in the image?
</Sub-Question>
<Search>
Image Retrieval: Six Chili Powder bottle label
</Search>",The Six Chili Powder from Private Selection does not contain soy.,Six Chili Powder label soy ingredients,Private Selection Six Chili Powder,True,0.0,0.0,0.0,0.0,0.0,0.0,0.15384615384615385,0.9,0.7461538461538462,0.0,,,0.08823529411764706,0.9,0.8117647058823529,0.6,0.9,0.30000000000000004,0.1016949124389544,,
091b9302-2c55-438d-b104-251daf1b8a7a,what is the answer to this?,ok,missing_final_answer,"The answer to the multiplication problem ""93 x 65"" is 6045.","<Thought>
The image shows a hand holding a piece of paper with the numbers ""93 x 65"" written on it. The question asks for the answer to this multiplication problem. Since the image and the question are clear, we can calculate the result directly.
</Thought>
<Sub-Question>
What is the result of 93 multiplied by 65?
</Sub-Question>
<Search>
No Retrieval.</Search>",93 multiplied by 65,93 x 65,True,0.0,0.0,0.0,0.0,0.0,0.0,0.5714285714285714,0.1111111111111111,-0.4603174603174603,1.0,,,0.4444444444444444,0.061224489795918366,-0.38321995464852604,0.8,0.6,-0.20000000000000007,0.12499999570312517,,
0a33f53f-719b-48a4-8b76-5e0f78c528ff,what year did that show end?,missing_final_answer,missing_final_answer,"<Thought>
The retrieved documents do not provide any information about the show mentioned in the question. We need to search for the show mentioned in the question.
</thought>
<Sub-Question>
What show did the poster on the wall refer to?
</Sub-Question>
<Search>
Text Retrieval: ""show mentioned in the question""
</Search>","<Thought>
The retrieved documents do not provide any information about the show ""Suits"" or its end year. I need to search for the show ""Suits"" to find its end year.
</thought>
<Sub-Question>
What is the end year of the show ""Suits""?
</Sub-Question>
<Search>
Text Retrieval: ""Suits end year""",show end year,Suits,True,0.0,0.0,0.0,0.0,0.0,0.0,0.04081632653061225,0.07843137254901962,0.03761504601840737,0.0,,,0.024390243902439025,0.046511627906976744,0.02212138400453772,0.125,0.25,0.125,0.088888885688889,,
0d3f0c7b-59b9-4902-a39f-105a2b53e453,what did the family that owns the vineyard where this is from first plant when they originally arrived in the region?,generation_error,ok,"<Thought>
The retrieved documents do not provide the name of the vineyard mentioned in the image. We need to search for the name of the vineyard to proceed.
</thought>
<Sub-Question>
What is the name of the vineyard mentioned in the image?
</Sub-Question>
<Search>
Text Retrieval: name of the vineyard in the image
</Search>",The family that owns the vineyard where the wine is from is the Hope Family.,vineyard name and family ownership,Liberty School,True,0.0,0.0,0.0,0.0,0.0,0.0,0.030769230769230767,0.29411764705882354,0.26334841628959277,0.0,,,0.023809523809523808,0.45454545454545453,0.43073593073593075,0.043478260869565216,0.21739130434782608,0.17391304347826086,0.07692307204142042,,
0d7a4318-ee89-49fb-bcf3-c82ad2dfdbfd,when was this discontinued?,missing_final_answer,ok,"<Thought>
The retrieved documents provide information about the discontinuation of various products and services. However, the specific product or service being referred to in the question is not mentioned. To provide a precise answer, we need to know what product or service is being discontinued.
</Thought>
<Sub-Question>
What product or service is being referred to in the question?
</Sub-Question>
<Search>
Text Retrieval: product or service discontinued
</Search>",The Toyota Venza was discontinued in 2015.,product or service discontinued,Venza discontinued,True,0.0,0.0,0.0,0.0,0.0,0.0,0.05714285714285715,0.4,0.34285714285714286,0.0,,,0.03278688524590164,0.5,0.4672131147540984,0.2222222222222222,0.3333333333333333,0.1111111111111111,0.10909090611570257,,
0f31ff6c-56b1-4496-b25b-71ce940d0a03,what is the ideal soil ph range for growing this plant?,missing_final_answer,ok,"<Thought>
The retrieved documents do not provide specific information about the type of plant in the bouquet. We need to identify the plant from the image or the context of the question.
</Thought>
<Sub-Question>
What is the type of plant in the bouquet?
</Sub-Question>
<Search>
Text Retrieval: ""identify the plant in the bouquet""
</Search>",The ideal soil pH range for growing a plant that is a type of lily is between 5.5 and 6.7.,identify the plant in the bouquet,Lilium ×pseudograyi,True,0.0,0.0,0.0,0.0,0.0,0.0,0.10526315789473685,0.5161290322580646,0.4108658743633278,0.0,,,0.06976744186046512,0.47058823529411764,0.4008207934336525,0.21428571428571427,0.5714285714285714,0.3571428571428571,0.15384614974112437,,
124450ba-1241-429b-8c5c-199011fb736b,what is the architectural style of this building?,ok,ok,The architectural style of the building in the image is Classical Revival.,The architectural style of the building in the image is Classical Revival.,architectural style of the building in the image,New York Stock Exchange Building,True,0.0,0.0,0.0,0.0,0.0,0.0,0.3,0.3,0.0,0.0,,,0.3333333333333333,0.3333333333333333,0.0,0.2727272727272727,0.2727272727272727,0.0,0.26086956022684316,,
132f522d-5cac-4c39-813c-70d2b6ffa6ee,is this open on saturdays?,missing_final_answer,ok,"<Thought>
The retrieved documents do not provide specific information about the store's operating hours. We need to find more specific information about the store's operating hours.
</Thought>
<Sub-Question>
Is the store open on Saturdays?
</Sub-Question>
<Search>
Text Retrieval: store operating hours for ""JNTA""
</Search>",The store is open on Saturdays.,store business hours,store operating hours for Fountain House Gallery,True,0.0,0.0,0.0,0.0,0.0,0.0,0.18867924528301888,0.4444444444444444,0.25576519916142554,0.0,,,0.125,0.8,0.675,0.38461538461538464,0.3076923076923077,-0.07692307692307693,0.13043477855387536,,
15122bed-f918-4994-98df-bf4b22b1b4e1,how much bigger is this model's wheels compared to other trims?,missing_final_answer,ok,"<Thought>
The retrieved documents do not provide the make and model of the car in the image. We need to focus on the image itself to identify the car.
</thought>
<Sub-Question>
What is the make and model of the car in the image?
</Sub-Question>
<Search>
Image Retrieval: car make and model identification from the image.
</Search>",The model's wheels are 2 inches bigger compared to the base model of the 2016 Honda CR-V.,make and model of the car in the image,2016 Honda CR-V Touring,True,0.0,0.0,0.0,0.0,0.0,0.0,0.05555555555555555,0.35000000000000003,0.2944444444444445,0.0,,,0.043478260869565216,0.5,0.4565217391304348,0.07692307692307693,0.2692307692307692,0.1923076923076923,0.07017543378270269,,
1838a883-a82a-496e-9c5c-2e9e95765790,what specific calligraphic movement is the artist of this work associated with?,generation_error,missing_final_answer,"<Thought>
The retrieved documents do not provide information about the artist of the given image. The image appears to be a piece of calligraphy, but the name of the artist is not mentioned in the documents. I need more information about the artist and the style of the calligraphy to determine the specific calligraphic movement.
</Thought>
<Sub-Question>
What is the name of the artist of this work?
</Sub-Question>
<Search>
Text Retrieval: name of the artist of the given image
</Search>","<Thought>
The retrieved documents provide information about Takehiko Inoue's calligraphic style, particularly in the context of his manga works. The style is described as distinctive and immediately recognizable, with a focus on fluid brush strokes and emotional impact. However, the documents do not provide specific information about the calligraphic movement associated with his style.
</Thought>
<Sub-Question>
What is the specific calligraphic movement associated with Takehiko Inoue's style?
</Sub-Question>
<Search>
Text Retrieval: calligraphic movement associated with Takehiko Inoue's style",artist of the calligraphy in the image,Inoue Yūichi,True,0.0,0.0,0.0,0.0,0.0,0.0,0.14953271028037382,0.07017543859649122,-0.0793572716838826,0.0,,,0.125,0.056338028169014086,-0.06866197183098591,0.18604651162790697,0.09302325581395349,-0.09302325581395349,0.17073170236466406,,
1839a92a-d419-4338-9260-2790757f6569,who made this statue?,ok,missing_final_answer,"The ""Virgin Annunciate"" statue was created by Antonello da Messina.","<Thought>
The retrieved documents do not provide specific information about the statue in the image. I need to search for more specific information about the statue.
</Thought>
<Sub-Question>
What is the name of the statue in the image?
</Sub-Question>
<Search>
Text Retrieval: ""Saint Catherine of Siena statue""",statue in the image with a person holding a book,Saint Catherine of Siena,True,0.0,0.0,0.0,0.0,0.0,0.0,0.39999999999999997,0.2352941176470588,-0.16470588235294117,0.0,,,0.4444444444444444,0.15,-0.2944444444444444,0.36363636363636365,0.5454545454545454,0.18181818181818177,0.3809523759637189,,
189c37c9-bb80-4edc-94e9-6f09b3a627ce,what's the difference between this car and an audi q5?,missing_final_answer,missing_final_answer,"<Thought>
The retrieved documents do not provide any information about the car in the image. I need to perform a new search to identify the car make and model.
</thought>
<Search>
Text Retrieval: Identify the car make and model in the image.
</Search>","<Thought>
The retrieved documents do not provide information about the car in the image. I need to focus on the car's make and model to compare it with the Audi Q5.
</thought>
<Sub-Question>
What is the make and model of the car in the image?
</Sub-Question>
<Search>
Text Retrieval: car in the image with white color and design features.
</Search>",,Q3,False,0.0,0.0,0.0,0.0,0.0,0.0,0.06521739130434782,0.16822429906542058,0.10300690776107276,0.0,,,0.08333333333333333,0.17647058823529413,0.0931372549019608,0.05357142857142857,0.16071428571428573,0.10714285714285715,0.10526315306440465,,
18d4f95a-9b28-478d-9705-c20ad4326c45,what are the clans in the native american tribe this car takes its name from?,generation_error,ok,"<Thought>
The car in the image is a Mercedes-Benz, and it is named after the Shabah tribe in many Middle Eastern countries. The clans associated with the Shabah tribe are not explicitly mentioned in the retrieved documents. However, we can infer that the Shabah tribe is likely to be a part of the larger Arabian tribes that interacted with Muhammad, and it is possible that the Shabah tribe is a sub-clan of the Banu Hashim tribe, which is one of the clans of the Quraysh tribe.
</Thought>
<Sub-Question>
What are the clans in the Shabah tribe?
</Sub-Question>
<Search>
Text Retrieval: clans in the Shabah tribe
</Search>","The clans in the Grand Cherokee tribe are the Wolf Clan, Bear Clan, Turtle Clan, Paint Clan, Bird Clan, Bluebird Clan, and Ani-yun-wiya Clan (Hawk Clan).",,Cherokee,False,0.0,0.0,0.0,0.0,0.0,0.0,0.07692307692307693,0.41025641025641024,0.3333333333333333,0.0,,,0.045454545454545456,0.34782608695652173,0.30237154150197626,0.25,0.5,0.25,0.12987012642941484,,
19e569e5-e157-4e1a-98a2-4166806c63cc,what kind of desert is this?,ok,ok,"The image does not show any desert features or landscapes, so it is not possible to determine the type of desert in the image.","The image does not provide any information about a desert, so it is not possible to determine the type of desert from this image.",,Churros,False,0.0,0.0,0.0,0.0,0.0,0.0,0,0.04878048780487805,0.04878048780487805,0.0,,,0,0.047619047619047616,0.047619047619047616,0,0.05,0.05,0.0,,
19ef3ec4-1275-471f-b4c5-9b6d9721e6c5,what music festival in upstate ny takes it's name from this animal?,ok,ok,"The music festival in upstate NY that takes its name from a bird is the ""Heron Festival.""",The Great Blue Heron Music Festival is in upstate NY.,music festivals in upstate NY named after an animal,Great Blue Heron Music Festival,True,0.0,0.0,0.0,0.0,0.0,0.0,0.6206896551724138,0.6666666666666667,0.04597701149425293,1.0,,,0.6428571428571429,0.8888888888888888,0.24603174603174593,0.6,0.5333333333333333,-0.06666666666666665,0.5161290273881375,,
1aab24de-c7ca-406f-bcc6-9f5386671b3d,what is the velocity of the falling ball when it hits the ground?,ok,ok,The velocity of the falling ball when it hits the ground is -40 m/s.,The velocity of the falling ball when it hits the ground is approximately -44.3 m/s.,velocity-time graph for a falling ball at 4 seconds,velocity-time graph for a falling ball hitting the ground at 44.3 m/s,True,0.0,0.0,0.0,0.0,0.0,0.0,0.18604651162790697,0.22727272727272727,0.04122621564482029,0.0,,,0.36363636363636365,0.4166666666666667,0.05303030303030304,0.125,0.15625,0.03125,0.2083333293836806,,
1abca127-ad5d-419e-93d3-2a7b466d6d32,in what year was the association that recognizes the breeds of these animals founded?,missing_final_answer,ok,"<Thought>
The Cat Fanciers' Association (CFA) was one of the last organizations to accept the Bengal cat into their registry, as mentioned in Doc1. The document does not provide the exact year the CFA was founded. To find the year the CFA was founded, we need to search for additional information.
</Thought>
<Sub-Question>
What is the year the Cat Fanciers' Association (CFA) was founded?
</Sub-Question>
<Search>
Text Retrieval: ""Cat Fanciers' Association (CFA) founded year""
</Search>",The International Cat Association (TICA) was founded in 1978.,association that recognizes cat breeds,Cat Fanciers' Association,True,0.0,0.0,0.0,0.0,0.0,0.0,0.1728395061728395,0.3333333333333333,0.16049382716049382,0.0,,,0.1076923076923077,0.5,0.3923076923076923,0.4375,0.25,-0.1875,0.08823529051903128,,
1ae1b9ee-4b81-4b24-9057-324039027cab,does this company have more active listings or closed transactions?,generation_error,missing_final_answer,"<Thought>
The retrieved documents do not provide any information about the company associated with the real estate sign in the image. We need to know the name of the company to proceed with the question.
</Thought>
<Sub-Question>
What is the name of the company associated with the real estate sign in the image?
</Sub-Question>
<Search>
Text Retrieval: company name associated with the real estate sign in the image
</Search>","<Thought>
The retrieved documents provide information about Hodges Commercial Real Estate, including the number of commercial property listings available for sale in Hodges, SC. According to the documents, there are 2 commercial property listings available in the Hodges area. However, the documents do not provide information about the current status of these listings. To answer the question, we need to know the current status of these listings.
</Thought>
<Sub-Question>
What is the current status of the 2 commercial property listings available in Hodges, SC?
</Sub-Question>
<Search>
Text Retrieval: ""Hodges Commercial Real Estate listings status""","real estate sign in the image"" company name",Hodges Commercial Real Estate,True,0.0,0.0,0.0,0.0,0.0,0.0,0.05970149253731343,0.10526315789473684,0.045561665357423405,0.0,,,0.03571428571428571,0.05952380952380952,0.023809523809523808,0.18181818181818182,0.45454545454545453,0.2727272727272727,0.08333332980034738,,
1c0d6fa8-cd69-45af-b47d-ce4e1149bb09,what does this do?,ok,ok,"The person in the image is likely pointing at the book to indicate or identify a specific line of text, possibly to highlight or draw attention to it.","The purpose of the treble clef in the image is to indicate the pitch of the notes on the staff, which is used for high-pitched instruments such as the guitar, violin, flute, clarinet, saxophone, and trumpet.",purpose of pointing at a book in an image,purpose of placing a clef on a staff,True,0.0,0.0,0.0,0.0,0.0,0.0,0.22222222222222224,0.32,0.09777777777777777,0.0,,,0.20833333333333334,0.27586206896551724,0.0675287356321839,0.23809523809523808,0.38095238095238093,0.14285714285714285,0.2127659524490721,,
1c5944b9-dc4e-4c01-9613-5fd6a921e6a2,what is the horsepower of the suv in front of the mustang??,missing_final_answer,ok,"<Thought>
The retrieved documents do not provide the horsepower specifications for the Ford Police Interceptor SUV. I need to find the specific horsepower of the Ford Police Interceptor SUV.
</Thought>
<Sub-Question>
What is the horsepower of the Ford Police Interceptor SUV?
</Sub-Question>
<Search>
Text Retrieval: ""Ford Police Interceptor SUV horsepower""
</Search>",The horsepower of the SUV in the image is 122 horsepower.,SUV in the image with NYPD markings,Nissan Kicks,True,0.0,0.0,0.0,0.0,0.0,0.0,0.08,0.28571428571428575,0.20571428571428574,0.0,,,0.045454545454545456,0.25,0.20454545454545453,0.3333333333333333,0.3333333333333333,0.0,0.1463414602736467,,
1d9ab7e3-3599-464c-971c-123ac94a5e91,where is this originally from?,ok,ok,"The Mona Lisa is originally from the Louvre Museum in Paris, France.","The bronze figure of Parvati in the image is from the Chola period, circa 13th century, and is originally from South India.",statue in museum with pedestal text,museum where the Patravahaka Yaksha is located,True,0.0,0.0,0.0,0.0,0.0,0.0,0.33333333333333326,0.2962962962962963,-0.03703703703703698,0.0,,,0.3,0.21052631578947367,-0.08947368421052632,0.375,0.5,0.125,0.2857142808163266,,
1e6302d7-6eb5-4266-9ec8-fa9cbac4ec3c,when was this on display in the cityarts boardroom gallery?,missing_final_answer,missing_final_answer,"<Thought>
The retrieved documents do not provide the specific titles of the paintings in the image. We need to find the titles of the paintings in the image to proceed.
</Thought>
<Sub-Question>
What are the titles of the paintings in the image?
</Sub-Question>
<Search>
Image Retrieval: paintings in the image
</Search>","<Thought>
The retrieved documents do not contain the information needed to answer the question about the artwork on display in the CityArts Boardroom Gallery. I need to focus on the image and the specific artwork in question.
</Thought>
<Sub-Question>
What is the name of the artwork on the left?
</Sub-Question>
<Search>
Image Retrieval: The left painting in the image.",artwork name on the left painting in the CityArts Boardroom Gallery,Comfortably Uncomfortable by Shelby R.,True,0.0,0.0,0.0,0.0,0.0,0.0,0.06666666666666667,0.208955223880597,0.14228855721393036,0.0,,,0.05,0.14893617021276595,0.09893617021276595,0.1,0.35,0.24999999999999997,0.12499999521701408,,
1e6cd1f6-28e1-4465-a8e7-78b5dc22fdde,tell me the answer to this question.,missing_final_answer,ok,"<Thought>
The retrieved documents do not contain the information needed to solve the multiplication problem ""25 x 67"". The documents are about various topics such as geographical meridians, Brodmann area 25, and the number 75. None of these are relevant to the multiplication problem.
</Thought>
<Sub-Question>
What is the result of 25 multiplied by 67?
</Sub-Question>
<Search>
Text Retrieval: 25 x 67
</Search>","The answer to the question ""What is the result of 25 multiplied by 67?"" is 1,675.",25 x 67,25 x 67,True,0.0,0.0,0.0,0.0,0.0,0.0,0.03389830508474576,0.375,0.3411016949152542,0.0,,,0.017857142857142856,0.23076923076923078,0.21291208791208793,0.3333333333333333,1.0,0.6666666666666667,0.07407407270233198,,
1e75fa55-8a73-4813-ac7a-d91238ca2be7,where is this oldest operating restaurant located?,missing_final_answer,ok,"<Thought>
The retrieved documents do not provide the name of the restaurant in the image. We need to search for the name of the restaurant in the image to proceed.
</Thought>
<Sub-Question>
What is the name of the restaurant shown in the image?
</Sub-Question>
<Search>
Text Retrieval: name of the restaurant in the image
</Search>","The oldest operating location of Raising Cane's Chicken Fingers is in Baton Rouge, Louisiana.",oldest operating restaurant in the image,Raising Cane's Chicken Fingers,True,0.0,0.0,0.0,0.0,0.0,0.0,0.06153846153846154,0.2857142857142857,0.22417582417582416,0.0,,,0.046511627906976744,0.38461538461538464,0.33810375670840787,0.09090909090909091,0.22727272727272727,0.13636363636363635,0.1132075422570312,,
1e92cde9-158c-4e4f-b067-f7034d5ff98f,what was the revenue of the company that makes this in 2024?,missing_final_answer,missing_final_answer,"<Thought>
The retrieved documents do not provide the revenue of Pizza Hut for the year 2024. We need to find the most recent financial report or news article that provides the revenue of Pizza Hut for 2024.
</Thought>
<Sub-Question>
What is the revenue of Pizza Hut in 2024?
</Sub-Question>
<Search>
Text Retrieval: Pizza Hut revenue 2024
</Search>","<Thought>
The retrieved documents provide information about the revenue of Kraft Heinz in 2023 and the first quarter of 2024, but not for the year 2024. To provide a precise answer, we would need to search for the most recent financial reports or annual reports of Kraft Heinz.
</Thought>
<Sub-Question>
What is the revenue of Kraft Heinz in 2024?
</Sub-Question>
<Search>
Text Retrieval: ""Kraft Heinz 2024 revenue""",company that produces the pasta in the image,Kraft Heinz,True,0.0,0.0,0.0,0.0,0.0,0.0,0.10169491525423728,0.11764705882352941,0.01595214356929213,0.0,,,0.058823529411764705,0.06666666666666667,0.00784313725490196,0.375,0.5,0.125,0.12499999695312508,,
1ffcd2af-d4f2-4135-a406-7028c35c0ad8,where was the civilization located who left the oldest remains of this object?,missing_final_answer,ok,"<Thought>
The Pesse canoe is the oldest known canoe, dating between 8200 and 7600 BC, and it was found in the Netherlands. The civilization associated with this object is not explicitly mentioned in the documents. However, the Pesse canoe is often associated",": The civilization that left the oldest remains of an object, which is the Saqqara Pyramid, is located in the Saqqara necropolis, southwest of Cairo, in Egypt.",oldest remains of an object,Egypt,True,0.0,0.0,0.0,0.0,0.0,0.0,0.12244897959183675,0.47058823529411764,0.3481392557022809,0.0,,,0.08333333333333333,0.38095238095238093,0.2976190476190476,0.23076923076923078,0.6153846153846154,0.38461538461538464,0.17777777349135815,,
2081fee8-3cd0-49cf-b8c4-610680b6ac24,"which version of this book is cheaper, the hardcover or the ebook?",missing_final_answer,missing_final_answer,"<Thought>
The retrieved documents do not provide the title of the book in question. We need to know the title to determine which version (hardcover or ebook) is cheaper.
</Thought>
<Sub-Question>
What is the title of the book you are referring to?
</Sub-Question>
<Search>
Text Retrieval: ""title of the book you are referring to""
</Search>","<Thought>
The retrieved documents provide information about the Kindle edition of ""The Library: A Fragile History"" and the hardcover version on AbeBooks. However, they do not mention the price of the Kindle edition. To determine which version is cheaper, we need to search for the price of the Kindle edition of ""The Library: A Fragile History.""
</Thought>
<Sub-Question>
What is the price of the Kindle edition of ""The Library: A Fragile History"" on Amazon?
</Sub-Question>
<Search>
Text Retrieval: ""The Library: A Fragile History"" Kindle price on Amazon",title of the book you are referring to,The Library: A Fragile History,True,0.0,0.0,0.0,0.0,0.0,0.0,0.12307692307692308,0.16091954022988506,0.03784261715296197,0.0,,,0.08333333333333333,0.1,0.016666666666666677,0.23529411764705882,0.4117647058823529,0.1764705882352941,0.13559321585751236,,
20b496db-da0e-4e51-8c64-f3f30be95261,which lines at this station go to washington d.c?,missing_final_answer,ok,"<Thought>
The image shows a train schedule board at a station. The board lists various destinations and their corresponding train lines. To determine which lines go to Washington D.C., I need to look for the destination ""Washington"" on the board.
</Thought>
<Sub-Question>
Which lines at this station go to Washington D.C.?
</Sub-Question>
<Search>
No Retrieval.
</Search>",The Capitol Limited train is the line that goes to Washington D.C. from this station.,train lines to Washington D.C at this station,"train schedule for Acela, Northeast Regional, and Vermonter lines at Penn Station to Washington D.C.",True,0.0,0.0,0.0,0.0,0.0,0.0,0.21875000000000003,0.3703703703703704,0.15162037037037038,0.0,,,0.14,0.38461538461538464,0.24461538461538462,0.5,0.35714285714285715,-0.14285714285714285,0.19999999608888894,,
22dfc8ef-a51f-458a-9ed5-1d948c122fdb,what variety of these are from romania?,generation_error,missing_final_answer,"<Thought>
The retrieved documents provide information about Romanian cuisine, which includes various types of soups, stews, and cheeses. However, the image does not provide enough context to determine the specific variety of items from Romania. The question is not answerable with the given information.
</Thought>
<Sub-Question>
What variety of items are from Romania?
</Sub-Question>
<Search>
Text Retrieval: variety of items from Romania
</Search>","The retrieved documents do not provide any information about the type of onions in the red bag. The documents are about eggs and plastic milk containers, which are unrelated to the question. We need to focus on the red bag and the onions inside it.

<Thought>
The retrieved documents do not provide the information needed to answer the question about the type of onions in the red bag. We need to focus on the red bag and the onions inside it.
</Thought>
<Sub-Question>
What type of onions are in the red bag in the image?
</Sub-Question>
<Search>
Image Retrieval: red bag with onions inside",red bag with French label,Turda Red Onions variety from Romania,True,0.0,0.0,0.0,0.0,0.0,0.0,0.09375,0.06382978723404255,-0.029920212765957452,0.0,,,0.05172413793103448,0.03409090909090909,-0.017633228840125394,0.5,0.5,0.0,0.07547169610537563,,
2374aba0-1a60-485f-bd3d-9319f9b76981,what year was this car model released?,missing_final_answer,ok,"<Thought>
The retrieved documents do not contain any information about the white pickup truck in the image. We need to focus on the image itself to identify the model of the truck.
</thought>
<Sub-Question>
What is the model of the white pickup truck in the image?
</Sub-Question>
<Search>
Image Retrieval: ""white pickup truck model identification""
</Search>",The year of release for the car model in the image is 2025.,white pickup truck model identification,Ford F-150,True,0.0,0.0,0.0,0.0,0.0,0.0,0.037037037037037035,0.11764705882352941,0.08061002178649238,0.0,,,0.02127659574468085,0.1,0.07872340425531915,0.14285714285714285,0.14285714285714285,0.0,0.08888888596543221,,
23cdf9f6-8d93-4a16-abcc-e5496081ca5e,what does the top line on the sign on the wall say in english?,ok,missing_final_answer,"The top line on the sign on the wall says ""MOBILE ORDER AND PAYMENT"" in English.","<Thought>
The retrieved document does not contain the information needed to answer the question. I need to focus on the image to identify the top line of the sign in English.
</Thought>
<Sub-Question>
What does the top line on the sign on the wall say in English?
</Sub-Question>
<Search>
Image Retrieval: The sign on the wall in the image.
</Search>",,"translate ""orden móvil y pago""",False,0.0,0.0,0.0,0.0,0.0,0.0,0.48000000000000004,0.1,-0.38,1.0,,,0.46153846153846156,0.0625,-0.39903846153846156,0.5,0.25,-0.25,0.07692307195266304,,
2488680b-f67e-45f9-8a44-797766d23298,when was this book published?,missing_final_answer,ok,"<Thought>
The retrieved documents do not provide the title of the book in the image. We need to look at the book's cover or title page to determine the title and, consequently, the publication date.
</Thought>
<Sub-Question>
What is the title of the book in the image?
</Sub-Question>
<Search>
Text Retrieval: ""title of the book in the image""
</Search>","The book ""Brainwashed: The Seductive Appeal of Mindless Neuroscience"" by Sally Satel and Scott O. Lilienfeld was published in 2014.",title and author of the book in the image,Brainwashed: The Seductive Appeal of Mindless Neuroscience,True,0.0,0.0,0.0,0.0,0.0,0.0,0.06896551724137931,0.6206896551724137,0.5517241379310344,0.0,,,0.0425531914893617,0.5,0.4574468085106383,0.18181818181818182,0.8181818181818182,0.6363636363636365,0.11764705522491362,,
248e2f17-508d-46d7-8fcf-3113c861c2f7,when were those oats bought by pepsico?,missing_final_answer,missing_final_answer,"<Thought>
The retrieved documents do not provide any information about the purchase date of the oats by PepsiCo. The documents are mostly about other companies and events that are not related to the question. Therefore, I cannot determine the purchase date of the oats by PepsiCo based on the given information.
</Thought>
<Sub-Question>
When were those oats bought by PepsiCo?
</Sub-Question>
<Search>
Text Retrieval: when were those oats bought by pepsico
</Search>","<Thought>
The documents indicate that PepsiCo acquired Quaker Oats in 2001. However, the specific date when the oats were bought by PepsiCo is not mentioned in the documents. We need more information to determine the exact date.
</Thought>
<Sub-Question>
When was the specific date when the oats were bought by PepsiCo?
</Sub-Question>
<Search>
Text Retrieval: when was the specific date when the oats were bought by PepsiCo",when were oats bought by pepsi,when was Quaker Oats Company bought by Pepsico,True,0.0,0.0,0.0,0.0,0.0,0.0,0.12820512820512822,0.2222222222222222,0.09401709401709399,0.0,,,0.078125,0.13793103448275862,0.05980603448275862,0.35714285714285715,0.5714285714285714,0.21428571428571425,0.13333333013333343,,
258fe09c-3799-4cc4-bb96-c44fa6051027,can i get this hand sanitizer at walmart?,generation_error,ok,"<Thought>
The retrieved documents do not provide specific information about the hand sanitizer brand or type. We need to know the specific brand and type of hand sanitizer the user is looking for to answer the question.
</Thought>
<Sub-Question>
Can you provide the name of the hand sanitizer you are looking for?
</Sub-Question>
<Search>
Text Retrieval: hand sanitizer name
</Search>","Yes, you can get this hand sanitizer at Walmart.",hand sanitizer availability at Walmart,XtraCare Hand Sanitizer,True,0.0,0.0,0.0,0.0,0.0,0.0,0.09836065573770493,0.5882352941176471,0.48987463837994216,0.0,,,0.05660377358490566,0.5555555555555556,0.49895178197064993,0.375,0.625,0.25,0.12499999722222227,,
25a43b28-d2f0-41bc-b795-ed7982b6a31f,how much is this app on google play and in the apple app store?,missing_final_answer,missing_final_answer,"<Thought>
The retrieved documents do not provide the specific price of the app on Google Play or the Apple App Store. We need to search for the app's pricing on these platforms.
</Thought>
<Sub-Question>
What is the price of the app shown in the image on Google Play and the Apple App Store?
</Sub-Question>
<Search>
Text Retrieval: app price on Google Play and Apple App Store
</Search>","<Thought>
The retrieved documents provide information about the MTA TrainTime app and the MTA app, but they do not specify the price of the app on Google Play or the Apple App Store. To find the price, I need to search for the app's pricing information directly.
</Thought>
<Sub-Question>
What is the price of the MTA TrainTime app on Google Play and the Apple App Store?
</Sub-Question>
<Search>
Text Retrieval: ""MTA TrainTime app price on Google Play and Apple App Store""",price of the app shown in the image on Google Play and the Apple App Store,MTA TrainTime app price on Google Play and Apple App Store,True,0.0,0.0,0.0,0.0,0.0,0.0,0.30136986301369867,0.2823529411764706,-0.019016921837228085,0.0,,,0.1896551724137931,0.17142857142857143,-0.018226600985221664,0.7333333333333333,0.8,0.06666666666666676,0.17543859261311182,,
25c02cf1-e870-4602-9c0d-8c916727bca6,what state in the u.s. produces the most of this fruit?,missing_final_answer,ok,"<Thought>
The retrieved documents do not provide specific information about the state in the U.S. that produces the most melons. However, we can infer that the state with the highest melon production is likely to be in the southern or western states, as these regions are known for their cotton production and are also suitable for growing melons. To find the exact state, we need to search for the state with the highest melon production.
</Thought>
<Sub-Question>
Which state in the U.S. produces the most melons?
</Sub-Question>
<Search>
Text Retrieval: ""state in the U.S. that produces the most melons""
</Search>",The state in the U.S. that produces the most cantaloupe is California.,fruit in the image with yellow and white melons,Cantaloupe,True,0.0,0.0,0.0,0.0,0.0,0.0,0.06382978723404255,0.5882352941176471,0.5244055068836045,0.0,,,0.03488372093023256,0.5555555555555556,0.5206718346253231,0.375,0.625,0.25,0.05405405171658155,,
26351ceb-e42c-4c18-9851-a79299886ebf,what is the engine layout of this car?,generation_error,ok,"<Thought>
The retrieved documents provide information about the Nissan Rogue, but they do not specify the engine layout. The engine layout is not visible from the image, and the documents do not match the car in the image. To determine the engine layout, we would need to know the make and model of the car or have a clearer view of the engine bay.
</Thought>
<Sub-Question>
What is the make and model of the car in the image?
</Sub-Question>
<Search>
Text Retrieval: ""blue SUV engine layout""
</Search>","The engine layout of the Subaru Forester is a horizontally opposed engine, which is characteristic of the BOXER engine used in the vehicle.",blue SUV engine layout,Subaru Forester engine layout,True,0.0,0.0,0.0,0.0,0.0,0.0,0.05263157894736842,0.2608695652173913,0.20823798627002288,0.0,,,0.028169014084507043,0.16666666666666666,0.13849765258215962,0.4,0.6,0.19999999999999996,0.06557376871808658,,
2797c001-9b8e-4650-8a7a-7347d027eb35,would this be a good place to eat for someone with a shellfish allergy?,missing_final_answer,ok,"<Thought>
The retrieved documents do not provide specific information about the restaurant in the image or its menu. Therefore, I need to search for more specific information about the restaurant's menu and policies regarding allergens.
</Thought>
<Sub-Question>
Is the restaurant in the image a seafood restaurant?
</Sub-Question>
<Search>
Text Retrieval: menu information and policies regarding allergens for the restaurant in the image.
</Search>","No, Captain D's Seafood Kitchen is known for serving shellfish, so it would not be a good place to eat for someone with a shellfish allergy.",Captain D's Seafood Kitchen shellfish allergy policy,Red Lobster,True,0.0,0.0,0.0,0.0,0.0,0.0,0.10526315789473684,0.6086956521739131,0.5034324942791762,0.0,,,0.07407407407407407,0.5833333333333334,0.5092592592592593,0.18181818181818182,0.6363636363636364,0.45454545454545453,0.15873015409423044,,
2a4cefe8-4777-43fc-b3ea-5e1834e36923,what ford series is this a part of?,ok,missing_final_answer,"The truck in the image is a part of the Ford F-Series, specifically a Ford F-650 or F-750 Super Duty.","<Thought>
The image shows a Ford truck with the logo visible on the front. Based on the retrieved information, the truck appears to be a Ford Super Duty. The specific model can be identified as the 2022 Ford Super Duty, as it is the most recent model mentioned in the documents.
</Thought>
<Sub-Question>
What is the specific model of the Ford truck in the image?
</Sub-Question>
<Search>
No Retrieval.",specific model of the Ford truck in the image,Ford Super Duty,True,0.0,0.0,0.0,0.0,0.0,0.0,0.5925925925925926,0.20895522388059698,-0.3836373687119956,0.0,,,0.5333333333333333,0.12727272727272726,-0.40606060606060607,0.6666666666666666,0.5833333333333334,-0.08333333333333326,0.3448275813555292,,
2be02caa-d5d1-48ff-a29c-2e2e67dbdcdc,did this ever come with an automatic transmission?,generation_error,ok,"<Thought>
The retrieved documents provide information about various Pontiac models, but they do not specify the exact model year and specific model of the car in the image. To determine if the car came with an automatic transmission, we need to know the exact model year and specific model of the car. Based on the design and features visible in the image, it appears to be a classic model, possibly from the 1960s. However, without more specific information, we cannot determine the exact model year and specific model of the car. Therefore, we cannot determine if the car came with an automatic transmission.
</Thought>
<Sub-Question>
What is the exact model year and specific model of the Pontiac car in the image?
</Sub-Question>
<Search>
Text Retrieval: Pontiac car model year and specific model
</Search>","The Pontiac GTO, including the 1964 model year, was available with an automatic transmission as an option.",Pontiac car model and year,Pontiac LeMans automatic transmission years,True,0.0,0.0,0.0,0.0,0.0,0.0,0.078125,0.4444444444444445,0.3663194444444445,0.0,,,0.043859649122807015,0.46153846153846156,0.4176788124156545,0.35714285714285715,0.42857142857142855,0.0714285714285714,0.11904761611394565,,
2c005215-b3a8-46bc-ba9c-85f80da3b6e8,in what country is this plant considered invasive?,generation_error,ok,"<Thought>
The retrieved documents do not provide specific information about the invasive status of Erythrina poeppigiana in any country. However, the documents mention that Erythrina poeppigiana is native to northern and western South America and has been introduced to various places in Central America, the Caribbean, Africa, India, and tropical Asia. To determine if it is considered invasive in any country, I need to search for more specific information about its invasive status.
</Thought>
<Sub-Question>
Is Erythrina poeppigiana considered an invasive species in any country?
</Sub-Question>
<Search>
Text Retrieval: invasive status of Erythrina poeppigiana in various countries.
</Search>",The dwarf umbrella tree (Schefflera arboricola) is considered invasive in South Africa.,,Inchplant,False,0.0,0.0,0.0,0.0,0.0,0.0,0.1386138613861386,0.631578947368421,0.4929650859822824,0.0,,,0.07526881720430108,0.5454545454545454,0.47018572825024435,0.875,0.75,-0.125,0.18421052403047092,,
2c113e20-a255-404a-be16-e8b1cb3af7eb,is the percentage of softwood or hardwood usage for these higher in the u.s.?,missing_final_answer,ok,"<Thought>
The retrieved documents do not provide specific information about the percentage of softwood and hardwood usage in the U.S. for greenhouse structures. To get a precise answer, we need to search for more specific data on the usage of softwood and hardwood in the U.S. for greenhouse structures.
</Thought>
<Sub-Question>
What is the percentage of softwood and hardwood usage in the U.S. for greenhouse structures?
</Sub-Question>
<Search>
Text Retrieval: percentage of softwood and hardwood usage in the U.S. for greenhouse structures
</Search>",The percentage of softwood or hardwood usage for greenhouse structures is likely to be 55% softwood and 45% hardwood in the U.S.,percentage of softwood and hardwood usage in the U.S. for greenhouse structures,percentage of softwood and hardwood usage in the U.S. for pallet production,True,0.0,0.0,0.0,0.0,0.0,0.0,0.22222222222222224,0.4444444444444445,0.22222222222222224,0.0,,,0.13513513513513514,0.4,0.2648648648648649,0.625,0.5,-0.125,0.19672130760548248,,
2ca0f081-8032-4e98-b33e-b54fa5a65350,how old was she when she died?,generation_error,missing_final_answer,"<Thought>
The painting in the image is ""A Young Girl Reading"" by Jean-Honoré Fragonard. The person depicted in the painting is an unidentified girl. The retrieved documents do not provide any information about the age at death of the person depicted in the painting. We need to search for more information about the person depicted in the painting.
</Thought>
<Sub-Question>
What is the name of the person depicted in the painting ""A Young Girl Reading"" by Jean-Honoré Fragonard?
</Sub-Question>
<Search>
Text Retrieval: information about the person depicted in the painting ""A Young Girl Reading"" by Jean-Honoré Fragonard.
</Search>","<Thought>
The retrieved documents do not provide information about the age at which the woman in the painting died. We need to search for more specific information about the woman depicted in the painting.
</Thought>
<Sub-Question>
What is the name of the woman in the painting?
</Sub-Question>
<Search>
Text Retrieval: ""name of the woman in the painting""",woman in the painting with yellow dress and classical pose,Juliette Récamier age at death,True,0.0,0.0,0.0,0.0,0.0,0.0,0.08888888888888889,0.1754385964912281,0.0865497076023392,0.0,,,0.05063291139240506,0.10869565217391304,0.05806274078150798,0.36363636363636365,0.45454545454545453,0.09090909090909088,0.13559321709853497,,
2cdb830e-b067-49b8-8ba3-8680c3766f43,what is the father of this deity known as?,generation_error,ok,"<Thought>
The retrieved documents do not provide a clear answer to the sub-question about the name of the deity in the image. The documents mention various deities, but none of them are specific to the deity in the image. I need to search for more information about the deity in the image.
</Thought>
<Sub-Question>
What is the name of the deity in the image?
</Sub-Question>
<Search>
Text Retrieval: deity in the image
</Search>",The father of the Hindu deity Ganesha is Shiva.,father of Ganesha,Ganesh Vinayaka,True,0.0,0.0,0.0,0.0,0.0,0.0,0.05128205128205129,0.37037037037037035,0.3190883190883191,0.0,,,0.034482758620689655,0.7142857142857143,0.6798029556650247,0.1,0.25,0.15,0.0634920591584785,,
2daaff26-881a-47b4-ba0e-ff8213e868ca,who is the lord mayor of the city where this company is headquartered?,missing_final_answer,ok,"<Thought>
The retrieved documents provide information about various companies, but none of them directly mention the company whose headquarters is in the image. The image does not provide any specific information about the company's headquarters. To find the headquarters of the company in the image, we need to identify the company and then find its headquarters.
</Thought>
<Sub-Question>
What is the name of the company whose headquarters is in the image?
</Sub-Question>
<Search>
Text Retrieval: company name in the image
</Search>",The lord mayor of the city where BMW is headquartered is Dieter Reiter.,company headquarters in the city shown in the image,BMW,True,0.0,0.0,0.0,0.0,0.0,0.0,0.0759493670886076,0.9090909090909091,0.8331415420023015,0.0,,,0.04411764705882353,0.9090909090909091,0.8649732620320856,0.2727272727272727,0.9090909090909091,0.6363636363636364,0.10344827278834728,,
2e31cf41-5b6f-4da4-9b4d-ce7ca5330173,how many of this model were sold in the usa between 2004 and 2005?,missing_final_answer,missing_final_answer,"<Thought>
The retrieved documents do not provide information about the car model in the image. We need to search for the car model based on the image.
</thought>
<Sub-Question>
What is the model of the car in the image?
</Sub-Question>
<Search>
Image Retrieval: car model identification from the image
</Search>","<Thought>
The retrieved document does not contain the information needed to identify the make and model of the car in the image. We need to focus on the car in the image and search for its make and model.
</Thought>
<Sub-Question>
What is the make and model of the car in the image?
</Sub-Question>
<Search>
Image Retrieval: A blue car parked on a street at night.
</Search>",,Nissan Kicks,False,0.0,0.0,0.0,0.0,0.0,0.0,0.037735849056603765,0.05970149253731343,0.021965643480709666,0.0,,,0.024390243902439025,0.03636363636363636,0.011973392461197337,0.08333333333333333,0.16666666666666666,0.08333333333333333,0.08510637897691282,,
2f29d234-b40f-4b64-a4b2-02231aab888c,how much will i have to pay for first year maintenance if i buy this car new?,generation_error,missing_final_answer,"<Thought>
The retrieved documents do not provide information about the maintenance costs of the car model in the image. The image does not show a car, but rather a street scene with a car in the background. Therefore, I need to search for the maintenance costs of the car model shown in the image.
</Thought>
<Sub-Question>
How much will I have to pay for first year maintenance if I buy this car new?
</Sub-Question>
<Search>
Text Retrieval: first year maintenance cost for the car model in the image
</Search>","<Thought>
The retrieved documents do not provide specific information about the first year maintenance cost for the Hyundai Santa Fe. We need to find more specific information about the first year maintenance cost for the Hyundai Santa Fe.
</thought>
<Sub-Question>
What is the first year maintenance cost for the Hyundai Santa Fe?
</Sub-Question>
<Search>
Text Retrieval: ""first year maintenance cost for Hyundai Santa Fe""",make and model of the car in the image,first year maintenance cost for Hyundai,True,0.0,0.0,0.0,0.0,0.0,0.0,0.125,0.15384615384615385,0.028846153846153855,0.0,,,0.08,0.10526315789473684,0.025263157894736835,0.2857142857142857,0.2857142857142857,0.0,0.1333333291875557,,
2f4a5a7b-fe89-4784-824a-813753be3677,what collection is this a part of?,ok,ok,The Tang Tri-color glazed pottery horse and rider is part of the Tang Standing Horse figure collection in Canberra.,The Tang dynasty Tang Tri-color glazed pottery horse and rider is part of the National Palace Museum collection in Taiwan.,Tang dynasty Tang Tri-color glazed pottery horse and rider collection,A Selection of Chinese Ceramics from the Adele and Stanley Herzman Collection,True,0.0,0.0,0.0,0.0,0.0,0.0,0.28571428571428564,0.32558139534883723,0.03986710963455159,0.0,,,0.35294117647058826,0.3888888888888889,0.03594771241830064,0.24,0.28,0.040000000000000036,0.3333333284353742,,
2f81e89c-d011-4957-b925-73d8c4bf0ac8,what is this chapter about in english?,missing_final_answer,missing_final_answer,"<Thought>
The retrieved documents do not provide the necessary context to understand the content of the chapter in the image. I need to translate the text in the image to English.
</Thought>
<Sub-Question>
Translate the text in the image to English.
</Sub-Question>
<Search>
Text Retrieval: Translate the text in the image to English.
</Search>","<Thought>
The retrieved documents do not provide information about the content of the chapter in the image. The chapter appears to be discussing compensation agreements for victims of the Nazi regime, which is not covered in the retrieved documents. I need to focus on the text in the image to understand the chapter's content.
</Thought>
<Sub-Question>
What is the content of the chapter in the image?
</Sub-Question>
<Search>
Text Retrieval: the content of the chapter in the image</Search>",Translate the text in the image to English.,bilateral compensation agreements for victims of the nazi regime,True,0.0,0.0,0.0,0.0,0.0,0.0,0.0625,0.26506024096385544,0.20256024096385544,0.0,,,0.046511627906976744,0.1774193548387097,0.13090772693173294,0.09523809523809523,0.5238095238095238,0.4285714285714286,0.11538461050295878,,
2f8848d5-39db-4a9c-834e-9dce387cd3b9,how often should this be cleaned?,ok,missing_final_answer,A decorative hairpin should be cleaned at least once a week to maintain hygiene and appearance.,"<Thought>
The documents provide information on the factors that affect the cleaning frequency of carpets. These factors include foot traffic, the presence of pets and children, and the presence of environmental pollutants. Since the hairpin in the image is a small object and not a carpet, it is not affected by these factors. However, it is still important to clean the hairpin regularly to maintain its appearance and hygiene. The documents suggest that carpets should be cleaned every 6 to 12 months, and the frequency can vary based on factors such as foot traffic, pets, and environmental pollutants. Since the hairpin is a small object, it may not accumulate dirt as quickly as a carpet, but it is still important to clean it regularly to maintain its appearance and hygiene.
</Thought>
<Sub-Question>
What are the factors that affect the cleaning frequency of carpets?
</Sub-Question>
<Search>
Text Retrieval: factors affecting carpet cleaning frequency</Search>",hairpin material cleaning frequency,cleaning frequency for carpet floors,True,0.0,0.0,0.0,0.0,0.0,0.0,0.3333333333333333,0.11034482758620691,-0.22298850574712642,0.0,,,0.2857142857142857,0.05925925925925926,-0.22645502645502644,0.4,0.8,0.4,0.3076923029585799,,
2ff68022-a48f-4582-9bb2-1fddb3e5501d,how much does this cost on amazon?,missing_final_answer,missing_final_answer,"<Thought>
The retrieved documents do not provide specific information about the price of an item on Amazon. I need to search for the price of the item on Amazon.
</thought>
<Sub-Question>
What is the price of the item on Amazon?
</Sub-Question>
<Search>
Text Retrieval: price of the item on Amazon
</Search>","<Thought>
The documents provide information about the Frost 1119 wet floor sign, but they do not mention the price on Amazon. To find the price on Amazon, I need to search for the specific product on Amazon's website.
</thought>
<Sub-Question>
What is the price of the Frost 1119 wet floor sign on Amazon?
</Sub-Question>
<Search>
Text Retrieval: ""Frost 1119 wet floor sign price on Amazon""",cost of an item on Amazon,price of the Frost 1119 wet floor sign on Amazon,True,0.0,0.0,0.0,0.0,0.0,0.0,0.07692307692307693,0.208955223880597,0.13203214695752008,0.0,,,0.046511627906976744,0.1206896551724138,0.07417802726543705,0.2222222222222222,0.7777777777777778,0.5555555555555556,0.09302325200649016,,
30231e16-a458-41c0-913e-2d2539a33357,how many distinct enzyme exist of this?,ok,ok,The number of distinct enzymes mentioned in the image is 5.,The number of distinct enzymes mentioned in the image is five.,distinct enzymes mentioned in the image of lactic dehydrogenase isoenzymes,lactic dehydrogenase,True,0.0,0.0,0.0,0.0,0.0,0.0,0.23529411764705882,0.23529411764705882,0.0,0.0,,,0.2222222222222222,0.2222222222222222,0.0,0.25,0.25,0.0,0.1052631530193908,,
30dd0126-8dac-4c8e-b188-5e9c2ced6271,what is the jewelry piece on the very top meant to bestow?,ok,ok,"The jewelry piece on the very top of the necklace in the image is meant to bestow the significance of a mangalsutra, which is a sacred symbol of the marital bond in Hindu culture.","The jewelry piece on the very top, which is a Maang Tikka, is meant to bestow marital status and is an essential part of Indian bridal attire, symbolizing the union of two souls.",jewelry piece significance in bridal or formal wear,Maang Tikka,True,0.0,0.0,0.0,0.0,0.0,0.0,0.1016949152542373,0.19672131147540986,0.09502639622117257,0.0,,,0.11538461538461539,0.21428571428571427,0.09890109890109888,0.09090909090909091,0.18181818181818182,0.09090909090909091,0.14035087226839044,,
313300f0-d4fe-4c7c-955a-1e76764ded93,what are the uses for the oil from this nut?,missing_final_answer,ok,"<Thought>
The retrieved documents do not provide specific information about the culinary uses of hazelnut oil. However, we can infer that hazelnut oil is likely used for culinary purposes, as it is a type of nut that produces edible oil. Hazelnut oil is often used in cooking, baking, and as a flavoring agent in various food products.
</Thought>
<Sub-Question>
What are the culinary uses for hazelnut oil?
</Sub-Question>
<Search>
Text Retrieval: culinary uses of hazelnut oil
</Search>","The uses for cashew oil include cooking, as it has a high smoke point and is often used for various recipes worldwide. It can also be used for topical applications, such as treating some skin conditions and as a beauty product. Additionally, cashew oil is rich in nutrients and can be used for hair and skin care.",uses for the oil from a specific nut,Cashew nut,True,0.0,0.0,0.0,0.0,0.0,0.0,0.26016260162601623,0.3047619047619048,0.04459930313588856,0.0,,,0.2222222222222222,0.2962962962962963,0.07407407407407407,0.3137254901960784,0.3137254901960784,0.0,0.204081627705123,,
329e197d-5eff-45de-a361-19f048deb27f,what kind of trees are these?,ok,ok,"The trees in the image are likely pines, which are coniferous trees with needle-like leaves.",The trees in the image are Longleaf Pines (Pinus palustris).,types of trees in the image with needle-like leaves and conical shape,Longleaf Pine trees,True,0.0,0.0,0.0,0.0,0.0,0.0,0.10526315789473684,0.28571428571428575,0.18045112781954892,1.0,,,0.07692307692307693,0.25,0.17307692307692307,0.16666666666666666,0.3333333333333333,0.16666666666666666,0.10526315357340738,,
340abc34-b915-4f92-820d-8775ff620847,what does it do?,missing_final_answer,ok,"<Thought>
The retrieved documents do not provide information about the ""LTH METER."" The term ""LTH METER"" is not commonly associated with any of the provided documents. Without additional context or a more precise search term, it is difficult to determine the function of the ""LTH METER.""
</Thought>
<Sub-Question>
What is the function of the ""LTH METER""?
</Sub-Question>
<Search>
Text Retrieval: LTH METER function
</Search>","The LTH Meter is a device that measures light, temperature, and humidity, which are important factors for plant growth. It includes a light sensor, a temperature sensor, and a humidity sensor, and it displays real-time measurements for these factors.",LTH METER function,LTH Meter function,True,0.0,0.0,0.0,0.0,0.0,0.0,0.06451612903225805,0.34146341463414637,0.2769472856018883,0.0,,,0.03636363636363636,0.20588235294117646,0.16951871657754009,0.2857142857142857,1.0,0.7142857142857143,0.037037034513031725,,
34aba4eb-b18b-48d7-a64e-8169935bd6da,did this country join the european union before or after hungary?,generation_error,missing_final_answer,"<Thought>
The retrieved documents do not provide information about the country in question. We need to know the name of the country to determine if it joined the European Union before or after Hungary.
</Thought>
<Sub-Question>
What is the name of the country you are asking about?
</Sub-Question>
<Search>
Text Retrieval: country name
</Search>","<Thought>
Based on the retrieved information, Italy joined the European Union as a founding member. The exact year when Italy joined the European Union is not explicitly mentioned in the provided documents. To determine the specific year, we need to find the exact date when Italy joined the EU.
</Thought>
<Sub-Question>
When did Italy join the European Union?
</Sub-Question>
<Search>
Text Retrieval: Italy joined the European Union in</Search>",country that joined the European Union before or after Hungary,Italy,True,0.0,0.0,0.0,0.0,0.0,0.0,0.21538461538461537,0.21333333333333335,-0.002051282051282022,0.0,,,0.14893617021276595,0.14035087719298245,-0.008585293019783502,0.3888888888888889,0.4444444444444444,0.055555555555555525,0.16393442194033875,,
34bfaf71-cf2f-4ab6-aac8-c7264bbd67c2,what are the advantages of the type of electric motor used in this car over induction motors?,ok,missing_final_answer,The advantages of the permanent magnet synchronous reluctance motor over induction motors include being more powerful and more efficient than its predecessor.,"<Thought>
The retrieved documents do not provide specific information about the type of electric motor used in the car shown in the image. To answer the question, we need to know the type of electric motor used in the car.
</Thought>
<Sub-Question>
What type of electric motor is used in the car shown in the image?
</Sub-Question>
<Search>
Text Retrieval: ""type of electric motor used in Tesla Model 3""",type of electric motor used in the car shown in the image,permanent magnet motors,True,0.0,0.0,0.0,0.0,0.0,0.0,0.15841584158415842,0.12765957446808512,-0.030756267116073294,1.0,,,0.4,0.15,-0.25,0.09876543209876543,0.1111111111111111,0.012345679012345678,0.16279069398323426,,
355b9f9d-fd94-4b24-b5e4-0ea8aa530f2e,how tall can this grow?,missing_final_answer,ok,"<Thought>
The retrieved documents do not provide enough information to identify the specific plant species in the image. The image appears to be of a grasshopper, not a plant. To determine the height of the plant, we need to identify the specific plant species.
</Thought>
<Sub-Question>
What is the specific plant species in the image?
</Sub-Question>
<Search>
Text Retrieval: ""specific plant species in the image""
</Search>",Echeveria elegans typically grows to between five and ten centimeters tall.,average height of cacti,Echeveria elegans,True,0.0,0.0,0.0,0.0,0.0,0.0,0.03125,0.380952380952381,0.349702380952381,0.0,,,0.018518518518518517,0.36363636363636365,0.34511784511784516,0.1,0.4,0.30000000000000004,0.03999999680000026,,
364308cb-e29d-4895-8d1e-b004364ec6b2,what other libraries did the architect of this building design?,missing_final_answer,missing_final_answer,"<Thought>
Frank Gehry designed the Solomon R. Guggenheim Museum in Bilbao, Spain, and the Vitra Design Museum in Europe. Now, I need to find out which other libraries he designed.
</Thought>
<Sub-Question>
Which other libraries did Frank Gehry design?
</Sub-Question>
<Search>
Text Retrieval: Find which other libraries Frank Gehry designed.
</Search>","<Thought>
The retrieved documents do not provide the name of the architect of the Detroit Public Library. We need more specific information about the architect.
</Thought>
<Sub-Question>
What is the name of the architect of the Detroit Public Library?
</Sub-Question>
<Search>
Text Retrieval: ""Detroit Public Library architect""",name of the architect of the building in the image,detroit public library,True,0.0,0.0,0.0,0.0,0.0,0.0,0.06666666666666667,0.19999999999999996,0.1333333333333333,0.0,,,0.04081632653061224,0.1282051282051282,0.08738880167451596,0.18181818181818182,0.45454545454545453,0.2727272727272727,0.1276595711181531,,
365a2840-34e2-4703-8fa7-9c16c819dcbe,is this safe to eat?,generation_error,ok,"<Thought>
The plant in the image has green leaves and red berries. Based on the retrieved documents, the plant does not match any of the species mentioned. It is possible that the plant is not a common species or the documents do not cover all plant species. To determine if it is safe to eat, I need to identify the plant species and check if it is known to be edible or poisonous.
</Thought>
<Sub-Question>
Is the plant in the image a common species that is known to be edible or poisonous?
</Sub-Question>
<Search>
Text Retrieval: plant identification of the plant with green leaves and red berries.
</Search>","It is not safe to eat the berries of the plant in the image. While the plant itself is not typically toxic, the berries can be poisonous if ingested in large quantities. It is generally safe to eat the leaves in small quantities, but it is not recommended to consume the berries.",plant identification of the plant with green leaves and red berries,Holly,True,0.0,0.0,0.0,0.0,0.0,0.0,0.07407407407407407,0.1724137931034483,0.09833971902937422,0.0,,,0.042105263157894736,0.1111111111111111,0.06900584795321638,0.3076923076923077,0.38461538461538464,0.07692307692307693,0.0810810780131484,,
374cdbe4-8db0-45b2-95b9-a2d2dd5e14e0,how to play the second chord first row?,missing_final_answer,ok,"<Thought>
The retrieved documents do not contain the information needed to answer the sub-question. The image should be analyzed directly to find the second chord on the first row.
</Thought>
<Sub-Question>
What is the second chord on the first row in the music book?
</Sub-Question>
<Search>
Image Retrieval
</Search>","The second chord in the first row of the music book is Csus2, which consists of the notes C, D, and G.",second chord in the first row of the music book,how to play Csus2 chord from music book,True,0.0,0.0,0.0,0.0,0.0,0.0,0.13333333333333333,0.5263157894736842,0.3929824561403509,0.0,,,0.1,0.5555555555555556,0.4555555555555556,0.2,0.5,0.3,0.10909090456859524,,
37ba73af-9530-41b9-b9f8-5a06919176be,since when has this been manufactured?,ok,missing_final_answer,The van in the image was manufactured since 1966.,"<Thought>
The retrieved documents do not provide information about the make and model of the van in the image. We need to identify the make and model of the van to determine when it was manufactured.
</Thought>
<Sub-Question>
What is the make and model of the van in the image?
</Sub-Question>
<Search>
Image Retrieval: The white van in the image.",Cache Valley Electric van make and model,Cache Valley Electric,True,0.0,0.0,0.0,0.0,0.0,0.0,0.2857142857142857,0.03571428571428571,-0.25,0.0,,,0.2857142857142857,0.02040816326530612,-0.26530612244897955,0.2857142857142857,0.14285714285714285,-0.14285714285714285,0.35294117148788934,,
37c187eb-a285-4c91-85d0-2c58b91a32d3,is this spice available at walmart?,missing_final_answer,ok,"<Thought>
The retrieved documents do not provide information about the availability of a specific spice at Walmart. We need to know the name of the spice to determine its availability.
</Thought>
<Sub-Question>
What is the name of the spice you are looking for?
</Sub-Question>
<Search>
Text Retrieval: ""spice name availability at Walmart""
</Search>","Yes, ground turmeric is available at Walmart.",spice name in the image,ground turmeric,True,0.0,1.0,1.0,0.0,1.0,1.0,0.11320754716981131,1.0,0.8867924528301887,0.0,,,0.06521739130434782,1.0,0.9347826086956522,0.42857142857142855,1.0,0.5714285714285714,0.08695651915879024,,
37e292e3-7992-4bd9-92fc-f5367e23071f,what plant is this?,ok,ok,"The plant in the image is likely a member of the Hakea genus, characterized by its needle-like leaves.","The plant in the image is ""Sprinter® Boxwood (Buxus microphylla)"".",plant with small oval-shaped leaves and coniferous needles,Boxwood,True,0.0,0.0,0.0,0.0,0.0,0.0,0.17391304347826086,0.35294117647058826,0.1790281329923274,0.0,,,0.14285714285714285,0.375,0.23214285714285715,0.2222222222222222,0.3333333333333333,0.1111111111111111,0.22222221755829916,,
38374032-9e4c-4594-8e6b-74d6e07a780a,can cbd be purchased here?,missing_final_answer,ok,"<Thought>
The retrieved documents do not provide specific information about the laws and regulations regarding the sale of CBD in the area where the establishment is located. However, the presence of a cannabis leaf symbol on the sign in the image suggests that the establishment may sell cannabis-related products, including CBD, if it is legal in the area. To determine if CBD can be purchased here, we would need to know the specific laws and regulations in the area where the establishment is located.
</Thought>
<Sub-Question>
What are the laws and regulations regarding the sale of CBD in the area where the establishment is located?
</Sub-Question>
<Search>
Text Retrieval: ""CBD laws and regulations in the area where the establishment is located""
</Search>",The establishment in the image can sell CBD products.,CBD products sold by establishments with a cannabis leaf symbol.,CBD availability at Nectar.store,True,0.0,0.0,0.0,0.0,0.0,0.0,0.07272727272727272,0.26666666666666666,0.19393939393939394,0.0,,,0.0392156862745098,0.2857142857142857,0.2464985994397759,0.5,0.25,-0.25,0.07894736633310254,,
392a93b2-97fa-4dde-8c2d-6a6cb91f5f28,what was this building used for when it was built?,ok,missing_final_answer,"The building at 1215 in 1919 was likely used for commercial purposes, such as offices or businesses, as many buildings from that era were used for such purposes. Further research on the specific building would be needed to determine its original use.","<Thought>
The retrieved documents do not provide specific information about the building at 1215 in 1919. However, the documents suggest that the building might be related to the Airedale Group, which could be a company or organization that was active in the area during that time. To find out the original use of the building, we need to search for more specific information about the Airedale Group and the building at 1215.
</Thought>
<Sub-Question>
What is the Airedale Group and what was the building at 1215 used for in 1919?
</Sub-Question>
<Search>
Text Retrieval: Airedale Group 1919 building 1215",building at 1215 in 1919,building at Airedale Building in 1919,True,0.0,0.0,0.0,0.0,0.0,0.0,0.2622950819672132,0.11214953271028037,-0.1501455492569328,0.0,,,0.2,0.06976744186046512,-0.13023255813953488,0.38095238095238093,0.2857142857142857,-0.09523809523809523,0.24137930572532704,,
39602be6-7701-4165-9982-436796641e17,why did people ask for a boycott of this product?,missing_final_answer,ok,"<Thought>
The retrieved documents provide information about boycotts and product names, but none of them directly mention a specific product that people asked for a boycott of. To provide a precise answer, we need to know the name of the product that people asked for a boycott of.
</Thought>
<Sub-Question>
What is the name of the product that people asked for a boycott of?
</Sub-Question>
<Search>
Text Retrieval: product name for boycott
</Search>","People asked for a boycott of Läderach chocolates due to the company's controversial stance on same-sex marriage and abortion, which led to protests and vandalism. The company's Christian values and political stances, such as supporting the ""March for Life,"" have also contributed to the boycott.",reasons for product boycotts,boycott reasons for Läderach,True,0.0,0.0,0.0,0.0,0.0,0.0,0.05263157894736842,0.15094339622641512,0.0983118172790467,0.0,,,0.031746031746031744,0.1,0.06825396825396826,0.15384615384615385,0.3076923076923077,0.15384615384615385,0.10526315418898136,,
3a2b69dc-7833-4c79-96a5-1d74650e2057,what is the cost of this scooter?,missing_final_answer,ok,"<Thought>
The retrieved documents do not provide any information about the make and model of the scooter in the image. We need to focus on the image itself to identify the make and model of the scooter.
</Thought>
<Sub-Question>
What is the make and model of the scooter in the image?
</Sub-Question>
<Search>
Image Retrieval: ""red scooter make and model identification""
</Search>","The cost of the scooter in the image is P345,000 in the Philippines.",red scooter make and model identification,Vespa GTS Super 300,True,0.0,0.0,0.0,0.0,0.0,0.0,0,0,0.0,0.0,,,0,0,0.0,0,0,0.0,0.04545454277892578,,
3a61db88-7123-4f64-beda-efdd605435e4,what is the genus of the tree that this is made from?,ok,missing_final_answer,The genus of the tree used to make the instrument in the image is Picea.,"<Thought>
The retrieved documents provide information about the types of wood used for violins, but not specifically for the instrument in the image. We need to identify the type of wood used for the instrument in the image and then find the corresponding genus.
</Thought>
<Sub-Question>
What is the type of wood used for the instrument in the image?
</Sub-Question>
<Search>
Text Retrieval: ""type of wood used for the instrument in the image""",type of wood used for the instrument in the image,Morus,True,0.0,0.0,0.0,0.0,0.0,0.0,0.25000000000000006,0.06153846153846154,-0.1884615384615385,0.0,,,0.18181818181818182,0.03333333333333333,-0.1484848484848485,0.4,0.4,0.0,0.21052631146814413,,
3b70f5bd-935d-4402-91a6-21bf621b43e5,what material is this horn made of?,ok,ok,The cornet-trompe is likely made of brass.,The cornet-trompe in the image is made of brass.,cornet-trompe material,Cornet-trompe,True,0.0,0.0,0.0,0.0,0.0,0.0,0.7272727272727272,0.6666666666666666,-0.06060606060606055,1.0,,,0.6666666666666666,0.5714285714285714,-0.09523809523809523,0.8,0.8,0.0,0.6153846104142012,,
3bf4803d-808a-4a55-95b8-d40d51c1d775,where does this hat get its name?,ok,ok,"The ""picture hat"" gets its name from its resemblance to a picture frame, with the wide brim and the way it sits on the head. The origin of the ""picture hat"" can be traced back to the early 20th century, where it was a popular style of hat.","The fedora hat gets its name from the French term ""cathebene,"" which means ""catherine,"" and is named after Saint Catherine, the patron saint of milliners. The 27th of November is St Catherine’s Day.",type of hat in the image,Fedora,True,0.0,0.0,0.0,0.0,0.0,0.0,0.07692307692307693,0.14285714285714288,0.06593406593406595,0.0,,,0.05128205128205128,0.10344827586206896,0.052166224580017684,0.15384615384615385,0.23076923076923078,0.07692307692307693,0.11764705467128042,,
3c18eaee-b925-4567-8af3-3a85f7a216cf,is this gym south of the empire state building?,ok,missing_final_answer,"No, the gym is not south of the Empire State Building.","<Thought>
The Empire State Building is located at the intersection of Fifth Avenue and West 34th Street in Midtown Manhattan, New York City. The Life Time gym in NoHo is located at 62 Cooper Sq, New York, NY 10003, US. To determine if the gym is south of the Empire State Building, I need to compare the latitude and longitude of both locations.
</Thought>
<Sub-Question>
What are the latitude and longitude of the Life Time gym in NoHo?
</Sub-Question>
<Search>
Text Retrieval: Life Time gym in NoHo latitude and longitude</Search>",location of the Empire State Building and the building in the image.,Life Time Noho,True,0.0,0.0,0.0,0.0,0.0,0.0,0.5,0.2268041237113402,-0.2731958762886598,0.0,,,0.6666666666666666,0.13414634146341464,-0.532520325203252,0.4,0.7333333333333333,0.33333333333333326,0.33333332847222225,,
3c8fcfae-2f37-41d2-8e03-1af675e15dc4,what brand is this?,ok,missing_final_answer,The brand of the belt in the image is NXT Tag Team Championship.,"<Thought>
Since the documents do not provide any information about the brand of the belt in the image, and there is no retrieval needed, I will analyze the image directly. The belt in the image has a buckle with a logo that appears to be a combination of letters and a design. However, the image resolution and angle do not provide enough detail to identify the brand name clearly. Without additional information or a clearer image, it is not possible to determine the brand of the belt.
</Thought>
<Sub-Question>
What brand is the belt in the image?
</Sub-Question>
<Search>
No Retrieval.",belt buckle with a logo or text,Duracell,True,0.0,0.0,0.0,0.0,0.0,0.0,0.11764705882352941,0.022222222222222223,-0.09542483660130718,0.0,,,0.1,0.012048192771084338,-0.08795180722891567,0.14285714285714285,0.14285714285714285,0.0,0.09999999520000023,,
3e4a1e62-8c22-47e9-961c-246284f687a6,do they do home delivery?,ok,ok,The store does offer home delivery services.,"Yes, Meijer offers home delivery services.",home delivery services offered by the store in the image,home delivery services offered by Meijer,True,0.0,1.0,1.0,0.0,0.0,0.0,0.3636363636363636,0.9090909090909091,0.5454545454545454,1.0,,,0.3333333333333333,0.8333333333333334,0.5,0.4,1.0,0.6,0.33333332847222225,,
3f81ce3d-3adb-40c8-97db-fdb0e6b4b792,what does the circled text at the top say in english?,ok,missing_final_answer,"The circled text at the top of the image in English is ""The previous treaties of the treaty with Finland contained all these"".","The retrieved documents do not contain the circled text at the top of the image. I need to focus on the image itself to identify the text.
<Thought>
The retrieved documents do not contain the circled text at the top of the image. I need to focus on the image itself to identify the text.
</Thought>
<Sub-Question>
What does the circled text at the top of the image say in English?
</Sub-Question>
<Search>
Image Retrieval: The circled text at the top of the image.
</Search>",,Pariser Reparationskonferenz,False,0.0,0.0,0.0,0.0,0.0,0.0,0.14814814814814814,0.07894736842105263,-0.06920077972709551,0.0,,,0.1111111111111111,0.04477611940298507,-0.06633499170812604,0.2222222222222222,0.3333333333333333,0.1111111111111111,0.06896551296076128,,
3fad830b-7544-45de-9dac-5ad3e8147323,who founded the car marker behind this model?,missing_final_answer,ok,"<Thought>
The retrieved documents do not provide information about the car model in the image. I need to focus on the car's features to identify the model and its manufacturer.
</thought>
<Sub-Question>
What is the car model in the image?
</Sub-Question>
<Search>
Image Retrieval: car model identification from the image
</Search>",": The founder of Nissan, the car maker behind the Nissan Kicks, is Yoshisuke Aikawa.",model of the car in the image,Nissan Kicks,True,0.0,0.0,0.0,0.0,0.0,0.0,0.038461538461538464,0,-0.038461538461538464,0.0,,,0.023255813953488372,0,-0.023255813953488372,0.1111111111111111,0,-0.1111111111111111,0.043478257722117435,,
3fb7fbdc-9a0e-42e4-ac55-d8291ce5bc47,in what year did the founder of the company that makes these cars work at the edison illuminating company in detroit?,missing_final_answer,ok,"<Thought>
The retrieved documents mention the Chevrolet Bolt and Chevrolet Bolt EUV, which are electric cars. However, the question is about the founder of the company that makes these cars and their work at the Edison Illuminating Company in Detroit. The information provided in the documents does not directly answer the question. We need to find more specific information about the founder of the company that makes these cars.
</Thought>
<Sub-Question>
What is the name of the company that makes the cars shown in the image?
</Sub-Question>
<Search>
Text Retrieval: company that makes electric cars in the image
</Search>",: Edsel Ford likely worked at the Edison Illuminating Company in Detroit around 1888.,company that makes electric cars,Ford,True,0.0,0.0,0.0,0.0,0.0,0.0,0.21153846153846156,0.36363636363636365,0.15209790209790208,0.0,,,0.13253012048192772,0.5,0.3674698795180723,0.5238095238095238,0.2857142857142857,-0.23809523809523814,0.18181817785123974,,
401cca50-f135-4672-b940-8f65ea3a38cc,which region of africa do these originate?,ok,ok,The region of Africa where these musical instruments originate is West Africa.,The region of Africa where these musical instruments originate is West Africa.,African musical instruments in the West African region,Kerar,True,0.0,0.0,0.0,0.0,0.0,0.0,0.12500000000000003,0.12500000000000003,0.0,0.0,,,0.09090909090909091,0.09090909090909091,0.0,0.2,0.2,0.0,0.0,,
404bd214-4628-46ff-834d-0b0747523c4c,who is the main character in this musical?,ok,ok,"The main character in the musical ""Juliet"" is Juliet.","The main character in the musical ""Juliet"" is Juliet Capulet.",main character in the musical Juliet,Juliet Capulet in musical & Juliet,True,0.0,0.0,0.0,0.0,0.0,0.0,0.9333333333333333,1.0,0.06666666666666665,1.0,,,1.0,1.0,0.0,0.875,1.0,0.125,0.5555555505555557,,
4087c255-4345-40bc-b6e2-9261d85b53a5,who wrote the first book on sale in their online store?,generation_error,missing_final_answer,"<Thought>
The documents retrieved provide information about the first physical retail store opened by Amazon, which is Amazon Books. The first Amazon Books store opened on November 2, 2015, in Seattle, Washington. However, the question asks for the author of the first book sold in an online store, not the first physical store. The documents do not provide information about the first book sold in an online store.
</Thought>
<Sub-Question>
Who wrote the first book sold in an online store?
</Sub-Question>
<Search>
Text Retrieval: first book sold in an online store
</Search>","<Thought>
The retrieved documents provide information about books sold on Amazon.com, but none of them mention the first book sold in an online store. The documents are about various books, including ""Remote: Office Not Required"" by David Heinemeier Hansson and Jason Fried, ""How the Grinch Stole Christmas!"" by Dr. Seuss, ""Ocean: A History of the Atlantic Before..."" by John Haywood, and ""The Fall of the Ottomans: The Great War in the Middle East"" by Eugene Rogan. None of these books are mentioned as the first book sold in an online store.
</Thought>
<Sub-Question>
Who wrote the first book sold in an online store?
</Sub-Question>
<Search>
Text Retrieval: first book sold in online store
</Search>",first book sold in an online store,first book sold in Times Square Church online store,True,0.0,0.0,0.0,0.0,0.0,0.0,0.1075268817204301,0.08771929824561404,-0.01980758347481605,0.0,,,0.0641025641025641,0.050505050505050504,-0.013597513597513593,0.3333333333333333,0.3333333333333333,0.0,0.18749999641113285,,
40a13cbc-5ffd-4a65-a55d-c820c9531497,how many paintings are in this series?,ok,missing_final_answer,The number of paintings in the series is 42.,"<Thought>
The retrieved documents do not provide specific information about the number of paintings in the series. We need more context or information to answer the question.
</Thought>
<Sub-Question>
How many paintings are in this series?
</Sub-Question>
<Search>
Text Retrieval: ""number of paintings in Montgomery City-County Public Library mural series""",number of paintings in the series shown in the image,number of paintings in Montgomery City County Public Library mural series,True,0.0,0.0,0.0,0.0,0.0,0.0,0.3,0.3050847457627119,0.005084745762711895,0.0,,,0.42857142857142855,0.1956521739130435,-0.23291925465838506,0.23076923076923078,0.6923076923076923,0.4615384615384615,0.2727272678925621,,
40eda64d-7f0f-4ae3-84c5-97d11791354d,are these available in any other colors?,ok,ok,"The shoe in the image is a black and white colorway, so it is not available in other colors.","Yes, the Nordic Lifting knee sleeves are available in other colors besides black and white, including red, blue, green, and pink.",shoe color options for the shoe in the image,Nordic Lifting knee sleeves color options,True,0.0,0.0,0.0,0.0,0.0,0.0,0.15384615384615385,0.6,0.4461538461538461,0.0,,,0.125,0.45,0.325,0.2,0.9,0.7,0.14814814348422511,,
4254bf62-bfd7-4383-b567-792dd1c2e275,what is its price in walmart?,missing_final_answer,missing_final_answer,"<Thought>
The retrieved documents do not provide specific information about the product name or description. To answer the question about the price of a product in Walmart, I need to know the name or description of the product in question. Please provide the name or description of the product you are asking about.
</Thought>
<Sub-Question>
What is the name or description of the product you are asking about?
</Sub-Question>
<Search>
Text Retrieval: product name or description
</Search>","<Thought>
The retrieved documents do not provide the price of the product in Walmart. The documents are about Kirkland Signature items from Costco and eBay, but not the specific product being referred to in the question. We need to know the name of the product to find its price in Walmart.
</Thought>
<Sub-Question>
What is the name of the product being referred to in the question?
</Sub-Question>
<Search>
Text Retrieval: ""240 Ks Heavy-Duty Red Cup Chinet 18 Oz Plastic Red Cup price in Walmart""",product price in Walmart,240 Ks Heavy-Duty Red Cup Chinet 18 Oz Plastic Red Cup price in Walmart,True,0.0,0.0,0.0,0.0,0.0,0.0,0,0.2558139534883721,0.2558139534883721,0.0,,,0,0.1506849315068493,0.1506849315068493,0,0.8461538461538461,0.8461538461538461,0.0,,
4296c919-41c1-4e3b-a335-2280207a701c,what are these named after?,ok,missing_final_answer,The snake in the image is named after the fer-de-lance.,"<Thought>
The retrieved documents do not provide specific information about the snake in the image. The documents are about the thumb and bananas, which is not related to the snake in the image. We need to identify the species of the snake in the image to determine if it has a specific name or if it is named after something.
</Thought>
<Sub-Question>
What is the species of the snake in the image?
</Sub-Question>
<Search>
Image Retrieval: A small snake being held by a person",snake species identification,Cavendish bananas,True,0.0,0.0,0.0,0.0,0.0,0.0,0.2222222222222222,0.10126582278481011,-0.1209563994374121,0.0,,,0.2857142857142857,0.058823529411764705,-0.22689075630252098,0.18181818181818182,0.36363636363636365,0.18181818181818182,0.1999999950500001,,
42e31011-20c4-47a4-bc07-260a139e3e30,when did the production of this car start?,missing_final_answer,ok,"<Thought>
The retrieved documents do not provide a clear identification of the car model in the image. The car appears to be a Toyota, but the specific model is not mentioned. I need more information to determine the exact model and its production start date.
</Thought>
<Sub-Question>
What is the make and model of the car in the image?
</Sub-Question>
<Search>
Text Retrieval: ""Toyota car model identification from image""
</Search>",The production of the Toyota RAV4 started in 1994.,white Toyota car model identification,RAV4,True,0.0,0.0,0.0,0.0,0.0,0.0,0.11594202898550726,0.47058823529411764,0.3546462063086104,0.0,,,0.06779661016949153,0.5714285714285714,0.5036319612590798,0.4,0.4,0.0,0.1034482730083235,,
42ed12ea-e6a4-41f3-86d8-908b1e3a85db,who first described those flowers?,missing_final_answer,ok,"<Thought>
The retrieved documents do not provide information about the specific flowers in the hanging baskets. We need to identify the flowers in the image and then research who first described them.
</thought>
<Sub-Question>
What are the flowers in the hanging baskets in the image?
</Sub-Question>
<Search>
Image Retrieval: flowers in hanging baskets street scene
</Search>","The flowers in the image, which belong to the genus Dendrobium, were first described by Olof Swartz in 1799.",flowers in the image,Dendrobium flowers first description,True,0.0,0.0,0.0,0.0,0.0,0.0,0.10909090909090909,0.6086956521739131,0.499604743083004,0.0,,,0.0625,0.4375,0.375,0.42857142857142855,1.0,0.5714285714285714,0.13043478002835543,,
4445ed52-cf69-4f50-8e81-193c4e5d9521,who created this character?,missing_final_answer,ok,"<Thought>
The retrieved documents do not provide any information about the character in the background of the image. The documents are about different locations, such as the Old Library in Trinity College, Dublin, and St Giles' Cathedral in Edinburgh. These locations are not related to the character in the background of the image.
</Thought>
<Sub-Question>
What is the name of the character in the background of the image?
</Sub-Question>
<Search>
Image Retrieval: ""character in the background of the image""
</Search>","The creators of Iron Man are Stan Lee, Larry Lieber, Don Heck, and Jack Kirby.",character in the comic book on the wall,Iron Man,True,0.0,0.0,0.0,0.0,0.0,0.0,0,0.8,0.8,0.0,,,0,0.7142857142857143,0.7142857142857143,0,0.9090909090909091,0.9090909090909091,0.0,,
44850371-5d7d-4482-9c0c-43c8b104bdf7,how many cars did the parent company of this auto maker sell in 2017?,generation_error,missing_final_answer,"<Thought>
The retrieved documents do not provide specific information about the car sales of Daimler AG in 2017. The documents mention Mercedes-Benz and Maybach, but not the sales figures for Daimler AG. To find the sales figures, we need to search for more specific information about Daimler AG's car sales in 2017.
</Thought>
<Sub-Question>
What is the number of cars sold by Daimler AG in 2017?
</Sub-Question>
<Search>
Text Retrieval: Daimler AG car sales in 2017
</Search>","<Thought>
The retrieved documents indicate that the Renault-Nissan-Mitsubishi Alliance is the parent company of Nissan. The sales data of the Renault-Nissan-Mitsubishi Alliance in 2017 is not directly provided in the documents. However, the documents mention that the Alliance was the world's largest seller of light automobiles in 2017. To find the exact number of cars sold by the parent company in 2017, we need to search for the sales data of the Renault-Nissan-Mitsubishi Alliance.
</Thought>
<Sub-Question>
What is the sales data of the Renault-Nissan-Mitsubishi Alliance in 2017?
</Sub-Question>
<Search>
Text Retrieval: ""sales data of Renault-Nissan-Mitsubishi Alliance in 2017""",auto maker in the image,Renault–Nissan–Mitsubishi Alliance,True,0.0,0.0,0.0,0.0,0.0,0.0,0.10126582278481013,0.10989010989010989,0.008624287105299763,0.0,,,0.056338028169014086,0.060240963855421686,0.0039029356864076006,0.5,0.625,0.125,0.1724137902497028,,
44b63766-5d47-44c4-bb40-c02ff7dd6e9e,how long does using this date back?,generation_error,ok,"<Thought>
The retrieved documents do not provide specific information about the history of watercolor paint sets. The documents discuss various aspects of painting history, including acrylic paint, ink wash painting, and the works of artists like Monet. However, none of these documents mention the exact age or origin of the watercolor paint set in the image. Therefore, I cannot determine the exact age of the paint set based on the provided information.
</Thought>
<Sub-Question>
Can you provide more information about the history of watercolor paint sets?
</Sub-Question>
<Search>
Text Retrieval: history of watercolor paint sets
</Search>",The exact age of the watercolor paint set in the image is unknown.,watercolor paint set history,history of watercolor art,True,0.0,0.0,0.0,0.0,0.0,0.0,0.056074766355140186,0.12500000000000003,0.06892523364485983,0.0,,,0.03529411764705882,0.2,0.1647058823529412,0.13636363636363635,0.09090909090909091,-0.04545454545454544,0.07142856745181428,,
44ea1666-2cd3-440f-9bdd-decf5b9238a7,where was it found?,missing_final_answer,ok,"<Thought>
The image shows a sculpture of a seated figure, likely a Buddha, which is a common subject in Buddhist art. Based on the retrieved documents, the Great Buddha statue is located in Bodh Gaya, Bihar, India. The Kimbell seated Bodhisattva is from the art of Mathura, which is also in India. The Golden Buddha statue may have been cast in parts in India, indicating its origin there. The Great Buddha of Thailand is located in Thailand. Given the style and posture of the sculpture in the image, it is likely to be from one of these locations. Since the image does not provide specific details about the origin, we can infer that the sculpture is likely from one of the locations mentioned.
</Thought>
<Sub-Question>
Where was the sculpture of a seated figure, likely a Buddha, found?
</Sub-Question>
<Search>
No Retrieval.
</Search>","The seated Maitreya Buddha statue is located in the Brooklyn Museum, New York.","sculpture in the image with a seated figure, likely a Buddha.",seated bodhisattva maitreya origin,True,0.0,0.0,0.0,0.0,0.0,0.0,0.09160305343511452,0.28571428571428564,0.19411123227917113,0.0,,,0.049586776859504134,0.2727272727272727,0.22314049586776857,0.6,0.3,-0.3,0.08602150329055387,,
47ad97f4-9354-4d8d-86a5-5682598def8c,are there more locations of this store in idaho or utah?,ok,ok,There are more locations of this store in Idaho than in Utah.,There are more locations of this store in Idaho than in Utah.,store locations in Idaho and Utah,Target store locations in Idaho and Utah,True,0.0,0.0,0.0,0.0,0.0,0.0,0.761904761904762,0.761904761904762,0.0,0.0,,,0.6666666666666666,0.6666666666666666,0.0,0.8888888888888888,0.8888888888888888,0.0,0.4999999950500001,,
4801ea2d-7982-4211-9a88-d509e5531d87,do these grow taller in the wild than in gardens?,ok,ok,"Yes, coniferous trees grow taller in the wild than in gardens.",Trees generally grow taller in the wild than in gardens.,typical growth patterns of trees in the wild versus gardens,Blue Spruce,True,0.0,0.0,0.0,0.0,0.0,0.0,0.2702702702702703,0.2777777777777778,0.007507507507507505,1.0,,,0.5,0.5555555555555556,0.05555555555555558,0.18518518518518517,0.18518518518518517,0.0,0.2499999957031251,,
48240937-8e74-4e0d-b7b5-46ea4f1f5574,who is currently the ceo of the company made the first network of these in the usa?,missing_final_answer,missing_final_answer,"<Thought>
The retrieved documents do not provide information about the CEO of Network One. The documents mention Pat Foye, but there is no information linking him to Network One. We need to search for more specific information about Network One and its CEO.
</Thought>
<Sub-Question>
Who is the CEO of Network One?
</Sub-Question>
<Search>
Text Retrieval: CEO of Network One
</Search>","<Thought>
The retrieved documents do not provide information about the current CEO of Crown Castle. The documents are about IHG Hotels & Resorts, P.F. Chang's CEO, and Whole Foods' co-founding CEO. Since the question is about Crown Castle, I need to search for more specific information about Crown Castle's CEO.
</Thought>
<Sub-Question>
Who is the current CEO of Crown Castle?
</Sub-Question>
<Search>
Text Retrieval: current CEO of Crown Castle</Search>",company that made the first network in the USA,first network in the USA of cellular antennas,True,0.0,0.0,0.0,0.0,0.0,0.0,0.13513513513513511,0.09999999999999999,-0.03513513513513512,0.0,,,0.08771929824561403,0.06349206349206349,-0.02422723475355054,0.29411764705882354,0.23529411764705882,-0.05882352941176472,0.1034482717181928,,
496d0bcb-b88d-417f-9233-9fdbe38457b5,what is the restaurant inside the tower in the postcard called?,missing_final_answer,ok,"<Thought>
The retrieved documents mention that the Old Post Office Building's clock tower in Washington, D.C. has a restaurant on top, but the specific name of the restaurant is not mentioned. I need to search for more specific information about the restaurant inside the tower.
</Thought>
<Sub-Question>
What is the name of the restaurant inside the Old Post Office Building's clock tower in Washington, D.C.?
</Sub-Question>
<Search>
Text Retrieval: name of the restaurant inside the Old Post Office Building's clock tower in Washington, D.C.
</Search>","The restaurant inside the tower in the postcard is called the ""Revolving Bar.""",name of the restaurant inside the tower in the postcard,name of the restaurant inside the Space Needle,True,0.0,0.0,0.0,0.0,0.0,0.0,0.07407407407407407,0.47058823529411764,0.39651416122004357,0.0,,,0.0410958904109589,0.4444444444444444,0.4033485540334855,0.375,0.5,0.125,0.10714285444515312,,
49bc0b71-16cf-4e27-9512-0ddde2255c90,"what has better mileage, the hybrid version of this car or the hybrid corolla sedan?",missing_final_answer,missing_final_answer,"<Thought>
The retrieved documents do not provide specific information about the hybrid version of the car in the image. We need to know the specific model of the hybrid version of the car in the image to compare it with the hybrid Toyota Corolla sedan.
</thought>
<Sub-Question>
What is the specific model of the hybrid version of the car in the image?
</Sub-Question>
<Search>
Text Retrieval: specific model of the hybrid version of the car in the image
</Search>","<Thought>
The retrieved documents provide information about the Toyota Corolla Cross Hybrid and its fuel efficiency. The Corolla Cross Hybrid achieves a combined mileage of 37 miles per gallon, and the 2023 model is expected to have a manufacturer estimated fuel economy of 37 mpg combined. The Corolla Hybrid is expected to have a similar fuel efficiency to the Corolla Cross Hybrid, but the Corolla Cross Hybrid is more fuel-efficient.
</Thought>
<Sub-Question>
What is the fuel efficiency of the Toyota Corolla Hybrid?
</Sub-Question>
<Search>
Text Retrieval: ""Toyota Corolla Hybrid fuel efficiency""",hybrid version of the car in the image,Toyota Corolla Cross hybrid mileage compared to Toyota Corolla Sedan hybrid,True,0.0,0.0,0.0,0.0,0.0,0.0,0.12371134020618554,0.19469026548672566,0.07097892528054012,0.0,,,0.09523809523809523,0.13924050632911392,0.044002411091018684,0.17647058823529413,0.3235294117647059,0.14705882352941177,0.09836065104004323,,
4a20e297-ac6d-4dbe-a04d-70b1f944f39c,where did the person that invented this grow up?,missing_final_answer,missing_final_answer,"<Thought>
The retrieved documents do not provide the name of the cleaning product in the image. We need to identify the product name to find out where the inventor grew up.
</Thought>
<Sub-Question>
What is the name of the cleaning product in the image?
</Sub-Question>
<Search>
Text Retrieval: cleaning product name in the image
</Search>","<Thought>
The plastic cup in the image is not a lint roller, but a plastic cup. The inventor of the plastic cup is not mentioned in the retrieved documents. To find the inventor of the plastic cup, we need to search for information on the history of plastic cups.
</Thought>
<Sub-Question>
Who invented the plastic cup?
</Sub-Question>
<Search>
Text Retrieval: plastic cup inventor</Search>",inventor of plastic cup,Lint roller,True,0.0,0.0,0.0,0.0,0.0,0.0,0.1818181818181818,0.16129032258064518,-0.02052785923753661,0.0,,,0.1111111111111111,0.09615384615384616,-0.014957264957264946,0.5,0.5,0.0,0.22222221852839513,,
4a279ec6-6e29-4652-b7e0-cad950def016,what language is this?,ok,missing_final_answer,The language of the text in the image is Spanish.,"<Thought>
The text in the image is in Spanish. The word ""ÍNDICE"" (index) is a common heading in Spanish documents.
</Thought>
<Sub-Question>
What language is the text in the image?
</Sub-Question>
<Search>
Text Retrieval: ""spanish</Search>",language of the text in the image,portuguese,True,0.0,0.0,0.0,0.0,0.0,0.0,0.26666666666666666,0.2162162162162162,-0.05045045045045046,0.0,,,0.2857142857142857,0.13793103448275862,-0.14778325123152708,0.25,0.5,0.25,0.11111110611111134,,
4a984b44-6a41-4bff-b0b3-6c71e4076efb,what were the model years for the predecessor of this car?,missing_final_answer,ok,"<Thought>
The retrieved documents do not provide information about the car model in the image. I need to identify the car model from the image and then find the model years of its predecessor.
</thought>
<Sub-Question>
What is the make and model of the car in the image?
</Sub-Question>
<Search>
Image Retrieval: car model identification from the image
</Search>","The model years for the predecessor of the Nissan Kicks, the Nissan Juke, are 2007 to 2013.",car in the image with a black body and silver rims,Nissan Kicks,True,0.0,0.0,0.0,0.0,0.0,0.0,0.16129032258064516,0.46153846153846156,0.30024813895781644,0.0,,,0.10204081632653061,0.46153846153846156,0.35949764521193095,0.38461538461538464,0.46153846153846156,0.07692307692307693,0.11764705502499051,,
4b3591e1-62ba-48d8-b0a5-fa2b87e5d5ed,why is this plant named that?,missing_final_answer,ok,"<Thought>
The retrieved documents do not provide a direct answer to the plant's name. I need to focus on the plant's characteristics to identify it.
</thought>
<Sub-Question>
What are the characteristics of the plant in the image?
</Sub-Question>
<Search>
Image Retrieval: plant characteristics from the image
</Search>","The plant in the image is named Schefflera arboricola, which is derived from Johann Peter Ernst von Scheffler, a botanist who contributed plants to Gottfried Reyger for Reyger's book, Tentamen Florae Gedanensis. The specific name ""arboricola"" refers to the plant's habit of growing in the forest.","Identify the plant species in the image with broad, glossy leaves.",Schefflera,True,0.0,0.0,0.0,0.0,0.0,0.0,0.1111111111111111,0.6301369863013698,0.5190258751902588,0.0,,,0.10256410256410256,0.575,0.4724358974358974,0.12121212121212122,0.696969696969697,0.5757575757575758,0.08955223383381626,,
4c6e6349-1edb-4b86-a75a-cdf93d17c2a3,is this a middle market newspaper?,missing_final_answer,ok,"<Thought>
The retrieved documents do not provide specific information about the newspapers in the image. However, we can see that there are multiple newspapers on display, including The New York Times and The Washington Post. These are both major national newspapers, not typically classified as middle market newspapers. To determine if the newspapers in the image are middle market newspapers, we would need to identify the specific titles and research their market positioning.
</Thought>
<Sub-Question>
Is there a way to identify the specific newspapers in the image?
</Sub-Question>
<Search>
Text Retrieval: Identify the newspapers in the image.
</Search>","The image shows a library with various newspapers and magazines, but the specific newspapers are not clearly visible, so it's not possible to determine if they are middle market newspapers based on the image alone.",,USA Today,False,0.0,0.0,0.0,0.0,0.0,0.0,0.13084112149532712,0.22641509433962262,0.0955739728442955,0.0,,,0.08235294117647059,0.1935483870967742,0.1111954459203036,0.3181818181818182,0.2727272727272727,-0.04545454545454547,0.13793103059320924,,
4d1708df-d780-4660-99d7-ccbd1af5db1d,what is the name of the vr headset company that the makers of this app aquired in 2015?,missing_final_answer,ok,"<Thought>
The retrieved documents do not provide the name of the app shown in the image. I need to find the app name by analyzing the image.
</thought>
<Sub-Question>
What is the name of the app shown in the image?
</Sub-Question>
<Search>
Image Retrieval: app name in the image
</Search>",The VR headset company that the makers of the app acquired in 2015 is Oculus VR.,app name on the tablet in the image,Oculus VR,True,0.0,0.0,0.0,0.0,0.0,0.0,0.07692307692307691,0.7199999999999999,0.643076923076923,0.0,,,0.05,0.6923076923076923,0.6423076923076922,0.16666666666666666,0.75,0.5833333333333334,0.14285713877551035,,
4dc0c977-8003-4eb0-9083-1f44c6301d74,what is the ideal temp for these fish?,ok,ok,The ideal temperature for neon tetras is typically between 72°F to 82°F (22°C to 28°C).,The ideal temperature for Tetra fish is between 75° and 80° F.,type of fish in the image,Tetra,True,0.0,0.0,0.0,0.0,0.0,0.0,0.3846153846153846,0.7826086956521738,0.39799331103678925,1.0,,,0.35714285714285715,0.8181818181818182,0.4610389610389611,0.4166666666666667,0.75,0.3333333333333333,0.3703703653772291,,
4e3b7b72-dbcf-4828-acf2-7823b571d0f4,what is the fuel capacity of this van?,missing_final_answer,missing_final_answer,"<Thought>
The retrieved documents do not provide specific information about the fuel capacity of the van in the image. We need to search for more specific information about the model of the van.
</Thought>
<Sub-Question>
What is the fuel capacity of the van shown in the image?
</Sub-Question>
<Search>
Text Retrieval: fuel capacity of the van shown in the image
</Search>","<Thought>
The retrieved documents provide information about the fuel capacity of the Ford Transit, but they do not specify the exact fuel capacity of the model shown in the image. We need to search for more specific information about the fuel capacity of the Ford Transit model shown in the image.
</Thought>
<Sub-Question>
What is the fuel capacity of the Ford Transit model shown in the image?
</Sub-Question>
<Search>
Text Retrieval: ""2022 Ford Transit fuel capacity""",fuel capacity of the van in the image,Ford Transit,True,0.0,0.0,0.0,0.0,0.0,0.0,0.10526315789473684,0.14084507042253522,0.03558191252779838,0.0,,,0.06,0.078125,0.018125000000000002,0.42857142857142855,0.7142857142857143,0.28571428571428575,0.09523809246031753,,
4e4cb97d-6c02-4d35-90fa-9e448c8c08c1,what is an example of a flying mammal that will also use these?,ok,ok,An example of a flying mammal that can use a birdhouse is Beecroft's flying squirrel.,"An example of a flying mammal that can use a birdhouse is the flying squirrel. Flying squirrels are known to use nest boxes, which can be a suitable example of a flying mammal that uses a birdhouse.",flying mammal that uses birdhouse,flying mammals that use nest boxes,True,0.0,0.0,0.0,0.0,0.0,0.0,0.5,0.3809523809523809,-0.11904761904761912,0.0,,,0.5,0.26666666666666666,-0.23333333333333334,0.5,0.6666666666666666,0.16666666666666663,0.5185185135253774,,
4e657bcb-4158-4d42-9179-e7b3c145be53,what's the difference between the 2024 sport and 2024 sport s?,missing_final_answer,missing_final_answer,"<Thought>
The retrieved documents do not provide information about the differences between the 2024 Sport and 2024 Sport S. I need to search for more specific information about the 2024 Sport and 2024 Sport S to find the differences between them.
</thought>
<Sub-Question>
What are the differences between the 2024 Sport and 2024 Sport S?
</Sub-Question>
<Search>
Text Retrieval: 2024 Sport vs 2024 Sport S differences
</Search>","<Thought>
The retrieved documents provide information about the 2024 Jeep Wrangler Sport and Sport S, but they do not directly compare the two models. I need to search for a more specific comparison between the 2024 Sport and 2024 Sport S.
</Thought>
<Sub-Question>
What are the differences between the 2024 Sport and 2024 Sport S?
</Sub-Question>
<Search>
Text Retrieval: 2024 Jeep Wrangler Sport vs 2024 Jeep Wrangler Sport S differences</Search>",2024 Sport vs 2024 Sport S differences,2024 Jeep Wrangler Unlimited Sport S vs 2024 Jeep Wrangler Unlimited Sport differences,True,0.0,0.0,0.0,0.0,0.0,0.0,0.13008130081300814,0.20634920634920634,0.0762679055361982,0.0,,,0.13333333333333333,0.20634920634920634,0.073015873015873,0.12698412698412698,0.20634920634920634,0.07936507936507936,0.06521738654064307,,
4e6f2daa-2932-4e51-aa00-c47921e263dd,what is the name of the street where the former phillips saleroom of that company is located?,missing_final_answer,ok,"<Thought>
The retrieved documents do not provide the name of the street where the former Phillips Saleroom is located. We need to find more specific information about the location of the Phillips Saleroom.
</Thought>
<Sub-Question>
What is the name of the street where the former Phillips Saleroom is located?
</Sub-Question>
<Search>
Text Retrieval: Phillips Saleroom location.
</Search>",The former Phillips saleroom is located at 101 New Bond Street in London.,Phillips saleroom location,Bonhams Phillips Saleroom location,True,0.0,0.0,0.0,0.0,0.0,0.0,0.22950819672131148,0.8,0.5704918032786885,0.0,,,0.14583333333333334,0.8333333333333334,0.6875,0.5384615384615384,0.7692307692307693,0.23076923076923084,0.20408162857142864,,
4ea0f62d-f2cd-461d-b7bd-1d7b065af2db,when was the university founded where the designer of that black car across the street studied?,missing_final_answer,missing_final_answer,"<Thought>
The retrieved documents do not provide information about the designer of the La Voiture Noire and where they studied. We need to find more specific information about the designer of the La Voiture Noire.
</Thought>
<Sub-Question>
Who is the designer of the La Voiture Noire and where did they study?
</Sub-Question>
<Search>
Text Retrieval: designer of the La Voiture Noire studied at
</Search>","<Thought>
The retrieved documents indicate that Franz von Holzhausen studied at the University of Saarland after his Abitur in Trier. However, the documents do not provide information about the university where Franz von Holzhausen studied. I need to find more specific information about Franz von Holzhausen's education.
</Thought>
<Sub-Question>
What is the university where Franz von Holzhausen studied?
</Sub-Question>
<Search>
Text Retrieval: Franz von Holzhausen university education</Search>",designer of the black car in the image,Franz von Holzhausen,True,0.0,0.0,0.0,0.0,0.0,0.0,0.05970149253731343,0.1917808219178082,0.13207932938049477,0.0,,,0.03571428571428571,0.11290322580645161,0.0771889400921659,0.18181818181818182,0.6363636363636364,0.45454545454545453,0.041666663133680865,,
4fa0e6a1-4acc-4011-ae7f-ceac3be7cbf3,can i park here?,missing_final_answer,ok,"<Thought>
The retrieved documents do not provide any information about the text on the sign in the image. The sign appears to be a no-parking sign, but the text is not legible. To determine if parking is allowed, we need to see the text on the sign.
</Thought>
<Sub-Question>
What is the text on the sign in the image?
</Sub-Question>
<Search>
Text Retrieval: ""What is the text on the sign in the image?""
</Search>","The sign on the pole is not clearly visible, so I cannot determine if parking is allowed here.",,truck parking is not allowed,False,0.0,0.0,0.0,0.0,0.0,0.0,0.1408450704225352,0.42857142857142855,0.28772635814889336,0.0,,,0.0847457627118644,0.375,0.2902542372881356,0.4166666666666667,0.5,0.08333333333333331,0.14285713948979603,,
50b299eb-bcf1-4871-8518-ac090651bbc5,what is the unit of measurement on these?,ok,ok,The unit of measurement on the meter in the image is likely to be in volts.,The unit of measurement on the meter in the image is kilowatt-hours (kWh).,unit of measurement on electrical meters,kilowatt-hour,True,0.0,0.0,0.0,0.0,0.0,0.0,0.5454545454545455,0.7368421052631577,0.19138755980861222,0.0,,,0.46153846153846156,0.7,0.2384615384615384,0.6666666666666666,0.7777777777777778,0.11111111111111116,0.479999995072,,
51972f6d-69fc-435b-8eff-d980502af1bf,when was this completed?,missing_final_answer,ok,"<Thought>
The retrieved documents do not provide the title of the book in the image. We need to identify the book based on the image content.
</Thought>
<Sub-Question>
What is the title of the book in the image?
</Sub-Question>
<Search>
Text Retrieval: ""title of the book in the image""
</Search>","The book ""Brainwashed: The Seductive Appeal of Mindless Neuroscience"" was completed and published in 2012.",title of the book in the image,Brainwashed: The Seductive Appeal of Mindless Neuroscience,True,0.0,0.0,0.0,0.0,0.0,0.0,0.08333333333333333,0.27272727272727276,0.18939393939393945,0.0,,,0.05128205128205128,0.23076923076923078,0.17948717948717952,0.2222222222222222,0.3333333333333333,0.1111111111111111,0.09756097218322439,,
524b49b6-0c88-40db-adb6-284f0f4276a0,what was the character this actress played in the movie with john travolta?,ok,missing_final_answer,"The actress who played a character with John Travolta in the movie ""Gotti"" (2018) was Kelly Preston, and the character she played was Victoria Gotti.","<Thought>
The retrieved documents do not provide direct information about the actress playing a character with John Travolta in a movie. However, one of the documents mentions that Dakota Fanning starred in the movie ""I Am Sam"" (2001) with John Travolta. It is possible that the actress in question is Dakota Fanning. I need to search for more information about Dakota Fanning and the movie ""I Am Sam"" to confirm the character she played.
</Thought>
<Sub-Question>
What character did Dakota Fanning play in the movie ""I Am Sam""?
</Sub-Question>
<Search>
Text Retrieval: Dakota Fanning character in I Am Sam</Search>",actress in the movie with John Travolta,actress played Patty Simcox with John Travolta in a movie,True,0.0,0.0,0.0,0.0,0.0,0.0,0.30303030303030304,0.11881188118811882,-0.18421842184218423,0.0,,,0.23809523809523808,0.06741573033707865,-0.17067950775815943,0.4166666666666667,0.5,0.08333333333333331,0.1176470541003462,,
52fd69fa-fa2f-499b-b44e-08c04b47633f,how much does this macaroni salad cost per pound?,ok,missing_final_answer,The cost of the macaroni salad is $5.33 per pound.,"<Thought>
The retrieved documents do not provide the net weight of the macaroni salad in pounds. We need to focus on the image to find the net weight.
</Thought>
<Sub-Question>
What is the net weight of the macaroni salad in the image?
</Sub-Question>
<Search>
Image Retrieval: The image of the macaroni salad container.",macaroni salad net weight in pounds,macaroni salad cost per pound,True,0.0,0.0,0.0,0.0,0.0,0.0,0.5333333333333333,0.08,-0.4533333333333333,0.0,,,0.5,0.046511627906976744,-0.4534883720930233,0.5714285714285714,0.2857142857142857,-0.2857142857142857,0.5263157845983379,,
534dbd97-d09b-4187-a16a-60993c96a885,where did the first one of those appear?,missing_final_answer,missing_final_answer,"<Thought>
The retrieved documents do not provide any information about the specific item being referred to in the question. The question is still unclear, and we need more context or information to provide a precise answer.
</Thought>
<Sub-Question>
What is the specific item being referred to in the question?
</Sub-Question>
<Search>
Text Retrieval: ""specific item in the question""
</Search>","<Thought>
The flower design on the window could be a decorative element that has historical significance or is part of a specific cultural or artistic movement. The previous conversation mentioned the history of flower arrangements, which dates back to ancient Egyptian times. The flower design on the window might be inspired by these historical elements or be part of a specific artistic movement. To find the origin of the flower design, I need to research the history of decorative elements or specific artistic movements that include this design.
</Thought>
<Sub-Question>
Where did the first one of those flower designs appear?
</Sub-Question>
<Search>
Text Retrieval: ""history of decorative elements or specific artistic movements that include the flower design""",first appearance of the flower design on the window,first appearance of above-ground iron fire hydrant,True,0.0,0.0,0.0,0.0,0.0,0.0,0.0909090909090909,0.05084745762711865,-0.04006163328197225,0.0,,,0.058823529411764705,0.02912621359223301,-0.029697315819531694,0.2,0.2,0.0,0.1071428532206634,,
53b1d8e8-32ae-4027-ba7e-d2d865ef231c,what does this red thing symbolize?,missing_final_answer,ok,"<Thought>
The retrieved documents do not provide a clear context for the red bow in the image. The documents are mostly about paintings and symbols, which are not directly related to the red bow in the image. I need more specific information about the context in which the red bow is placed.
</Thought>
<Sub-Question>
What is the context in which the red bow is placed in the image?
</Sub-Question>
<Search>
Text Retrieval: context of red bow in the image
</Search>",The red bow in the image symbolizes the festive spirit of the Christmas season.,context of red bow in the image,context of bow on the Christmas wreath,True,0.0,0.0,0.0,0.0,0.0,0.0,0.07594936708860758,0.3636363636363636,0.287686996547756,0.0,,,0.04477611940298507,0.4,0.35522388059701493,0.25,0.3333333333333333,0.08333333333333331,0.10714285357780624,,
53f6502a-2acd-4b4c-b1dd-c49c0329f40b,where are the headquarters of the company that manufactured this car in 1975?,missing_final_answer,missing_final_answer,"<Thought>
The retrieved documents do not provide information about the make and model of the car in the image. I need to identify the car make and model from the image itself.
</thought>
<Sub-Question>
What is the make and model of the car in the image?
</Sub-Question>
<Search>
Image Retrieval: car identification from the image
</Search>","<Thought>
The retrieved documents do not contain information about the car make and model. I need to search for the car make and model of the car in the image.
</thought>
<Sub-Question>
What is the make and model of the car in the image?
</Sub-Question>
<Search>
Image Retrieval: Identify the make and model of the car in the image.
</Search>",,Daimler-Benz AG,False,0.0,0.0,0.0,0.0,0.0,0.0,0.13333333333333333,0.12698412698412698,-0.006349206349206354,0.0,,,0.08695652173913043,0.08163265306122448,-0.005323868677905949,0.2857142857142857,0.2857142857142857,0.0,0.1249999958680557,,
53f98721-bbf1-4dd0-b763-f4140a55f9e5,what diameters of this are available at home depot online?,missing_final_answer,missing_final_answer,"<Thought>
The retrieved documents do not provide specific information about the diameters of grinding discs available at Home Depot online. I need to search for the product details directly.
</Thought>
<Sub-Question>
What are the available diameters of grinding discs at Home Depot online?
</Sub-Question>
<Search>
Text Retrieval: grinding discs at Home Depot online diameters
</Search>","<Thought>
The available diameters of grinding discs at Home Depot online, as mentioned in the retrieved documents, are 4 inches, 6 inches, and 8 inches.
</Thought>
<Sub-Question>
What are the available diameters of grinding discs at Home Depot online?
</Sub-Question>
<Search>
No Retrieval.</Search>",grinding discs at Home Depot,Crimped Wire Wheel,True,0.0,0.0,0.0,0.0,0.0,0.0,0.1739130434782609,0.41379310344827586,0.23988005997001496,0.0,,,0.11764705882352941,0.3,0.18235294117647058,0.3333333333333333,0.6666666666666666,0.3333333333333333,0.1785714242091838,,
54923716-2632-4f4d-b279-e811ea3c746e,what types of nut does this have?,ok,ok,"The container labeled ""Honey Roasted Nut Mix"" likely contains a mix of cashews, almonds, and peanuts, as well as possibly other types of nuts.","The types of nuts in the container are almonds, cashews, and peanuts.","Honey Roasted Nut Mix"" label content",Honey Roasted Nut Mix,True,0.0,0.0,0.0,0.0,0.0,0.0,0.37499999999999994,0.20000000000000004,-0.1749999999999999,0.0,,,0.2727272727272727,0.2,-0.0727272727272727,0.6,0.2,-0.39999999999999997,0.18181817737373748,,
56677e8f-e296-4f74-9474-082fd6d60a9f,where is this plant native to?,missing_final_answer,ok,"<Thought>
The retrieved documents do not provide specific information about the plant species in the image. I need to identify the plant species to determine its native location.
</thought>
<Sub-Question>
What is the species of the plant in the image?
</Sub-Question>
<Search>
Image Retrieval: Identify the plant species in the image.
</Search>","The plant in the image is a Majestic Palm (Ravenea rivularis), which is native to Madagascar Island.",Identify the species of the plant in the image.,Majestic Palm,True,0.0,0.0,0.0,0.0,0.0,0.0,0.12244897959183673,0.6,0.4775510204081632,0.0,,,0.06976744186046512,0.42857142857142855,0.3588039867109634,0.5,1.0,0.5,0.09756097311124336,,
57147f41-23f4-4e0e-8ed3-f173dcc258f1,did the main character fight in world war two?,generation_error,missing_final_answer,"<Thought>
The retrieved documents provide information about World War II, but they do not mention any specific main character or their involvement in the war. We need to search for more specific information about the main character and their involvement in World War II.
</Thought>
<Sub-Question>
Did the main character fight in World War Two?
</Sub-Question>
<Search>
Text Retrieval: main character fight World War Two
</Search>","<Thought>
The retrieved documents provide information about World War II, but they do not mention a specific main character who fought in World War Two. We need to search for more specific information about the main character and their involvement in World War Two.
</thought>
<Sub-Question>
Did the main character fight in World War Two?
</Sub-Question>
<Search>
Text Retrieval: main character fight World War Two</Search>",main character fight in World War Two,pytor bagration fight World War Two,True,0.0,0.0,0.0,0.0,0.0,0.0,0,0.029411764705882356,0.029411764705882356,0.0,,,0,0.01639344262295082,0.01639344262295082,0,0.14285714285714285,0.14285714285714285,0.038461535857988345,,
58442f8a-335b-4dd8-bf82-aa78ec83542a,what is the average lifespan of this animal?,ok,ok,The average lifespan of a Brussels griffon is typically around 10 to 12 years.,The average lifespan of a Husky is between 12 to 15 years.,Identify the breed of the dog in the image.,Huskies,True,0.0,0.0,0.0,0.0,0.0,0.0,0.2105263157894737,0.23529411764705882,0.02476780185758512,0.0,,,0.16666666666666666,0.2,0.033333333333333354,0.2857142857142857,0.2857142857142857,0.0,0.1739130387145559,,
58e229eb-1be4-4562-8859-5c79c6408130,what country are these the national aquatic animal of?,missing_final_answer,ok,"<Thought>
The retrieved documents do not provide specific information about the species of the fish in the image. I need to identify the species of the fish in the image to proceed.
</thought>
<Sub-Question>
What are the species of the fish in the image?
</Sub-Question>
<Search>
Image Retrieval: fish species identification from image
</Search>",The country where these fish are the national aquatic animal is Thailand.,Identify the species of the fish in the image.,Betta fish,True,0.0,0.0,0.0,0.0,0.0,0.0,0.11538461538461538,0.6666666666666665,0.5512820512820511,0.0,,,0.06818181818181818,0.6,0.5318181818181817,0.375,0.75,0.375,0.14285713948979603,,
595fe661-967b-44b5-a06e-de7dd2c98eee,how often should this plant be repotted?,missing_final_answer,ok,"<Thought>
The retrieved documents do not provide specific information about the type of plant in the image. We need to identify the type of plant in the image to determine how often it should be repotted.
</thought>
<Sub-Question>
What type of plant is shown in the image?
</Sub-Question>
<Search>
Image Retrieval: ""identify the type of plant in the image""
</Search>","Strelitzia nicolai should be repotted every 10-14 days, depending on the time of year. It is important to ensure that the top inch of soil is dry before watering, and the plant should be watered once a week. The plant prefers warm and humid environments with a temperature range of 68-78 degrees Fahrenheit.",identify the type of plant in the image,Strelitzia nicolai,True,0.0,0.0,0.0,0.0,0.0,0.0,0.09999999999999999,0.14545454545454545,0.045454545454545456,0.0,,,0.057692307692307696,0.0851063829787234,0.027414075286415707,0.375,0.5,0.125,0.12244897659308628,,
59c47bf4-e373-4681-8543-799b5fd48200,where has this been installed?,ok,ok,"The sculpture in the image is the Chicago Picasso, which is located in Downtown Chicago, specifically in Daley Plaza.","The Chicago Riverwalk is located in the Chicago Riverwalk area, near the Chicago River, which is a major waterway in Chicago, Illinois.",Chicago Riverwalk location,The Sphere,True,0.0,0.0,0.0,0.0,0.0,0.0,0.05128205128205128,0.04878048780487805,-0.00250156347717323,0.0,,,0.0625,0.05555555555555555,-0.0069444444444444475,0.043478260869565216,0.043478260869565216,0.0,0.10526315311634371,,
59c7bac1-e847-4897-abff-d5d36298ff44,does this brand sell orange juice?,missing_final_answer,ok,"<Thought>
The retrieved documents do not provide any information about the brand of the bottle in the image. The documents are about different locations and landmarks, but none of them mention the brand of the bottle in the image. Therefore, we cannot determine if the brand sells orange juice based on the retrieved information.
</Thought>
<Sub-Question>
What is the brand of the bottle in the image?
</Sub-Question>
<Search>
Image Retrieval: brand of the bottle in the image
</Search>","Yes, the brand Solevita sells orange juice.",Solevita brand orange juice product,Solevita,True,0.0,0.0,0.0,0.0,0.0,0.0,0.08450704225352113,0.7142857142857143,0.6297786720321932,0.0,,,0.047619047619047616,0.8333333333333334,0.7857142857142858,0.375,0.625,0.25,0.11320754460662165,,
5af2343e-64bd-4cbc-9365-7d2cf3fc4409,are these fowers larger in height than roses?,generation_error,ok,"<Thought>
The retrieved documents mention that the flowers in the image are roses. However, the image does not provide enough detail to determine the height of the flowers compared to roses. To answer the question, we would need to know the specific types of flowers in the image and their heights.
</Thought>
<Sub-Question>
Are the flowers in the image roses?
</Sub-Question>
<Search>
Text Retrieval: Are the flowers in the image roses?
</Search>","The image does not provide specific information about the types of flowers and their heights, and the retrieved documents do not offer a direct comparison between lilies and roses. Therefore, it is not possible to determine whether the flowers in the image are larger in height than roses.",Are these flowers larger in height than roses?,lilies,True,0.0,0.0,0.0,0.0,0.0,0.0,0.10810810810810811,0.14035087719298245,0.032242769084874334,0.0,,,0.06779661016949153,0.09523809523809523,0.027441485068603708,0.26666666666666666,0.26666666666666666,0.0,0.10169491146222363,,
5c05c0e2-93bc-4ed7-8ab0-9768ecb87d68,what does this say?,ok,ok,"The text on the statue in the image is a quote from Emma Lazarus's sonnet ""The New Colossus,"" which reads: ""Faith is the substance of things hoped for, the evidence of things not seen.""","The text on the statue in the image is ""Now faith is the substance of things hoped for, the evidence of things not seen.""",Extract the text from the image of the statue.,faith is the substance of things hoped for it is the evidence of things not seen.,True,0.0,0.0,0.0,0.0,0.0,0.0,0.6046511627906976,0.742857142857143,0.13820598006644536,0.0,,,0.48148148148148145,0.6842105263157895,0.20272904483430804,0.8125,0.8125,0.0,0.4651162746782046,,
5d9dd4df-f633-4c9d-89a6-755e3c70c833,which sex of this breed tends to be taller males or females?,missing_final_answer,ok,"<Thought>
The retrieved documents do not provide any information about the breed of the dog in the image. Therefore, we need to identify the breed of the dog in the image.
</thought>
<Sub-Question>
What breed is the dog in the image?
</Sub-Question>
<Search>
Image Retrieval: Identify the breed of the dog in the image
</Search>",The Pyrenean Mountain Dog tends to have taller males than females.,,Siberian Husky,False,0.0,0.0,0.0,0.0,0.0,0.0,0.06779661016949153,0.15384615384615385,0.08604954367666233,0.0,,,0.046511627906976744,0.2,0.15348837209302327,0.125,0.125,0.0,0.0869565175047261,,
5e883875-176c-40ee-99ac-95b38604c372,when was that type of make and model first introduced?,missing_final_answer,ok,"<Thought>
The retrieved documents do not provide any information about the make and model of the car in the image. We need to identify the make and model of the car in the image to find the introduction year for that model.
</Thought>
<Sub-Question>
What is the make and model of the car in the image?
</Sub-Question>
<Search>
Image Retrieval: ""blue SUV in a parking lot""
</Search>",: The first generation of the Honda Pilot was introduced in 2003.,blue SUV in a parking lot,Honda Pilot first introduced,True,0.0,0.0,0.0,0.0,0.0,0.0,0.032258064516129024,0.8750000000000001,0.8427419354838711,0.0,,,0.01818181818181818,0.7777777777777778,0.7595959595959596,0.14285714285714285,1.0,0.8571428571428572,0.07999999731200008,,
5f04a91e-6ae8-44de-95be-6c5248d98453,who are the representative members of the board of this company?,missing_final_answer,missing_final_answer,"<Thought>
The retrieved documents provide information about various companies, but not about the specific company whose board members are being asked. Therefore, I need to search for the specific company name to find the board members.
</thought>
<Sub-Question>
What is the name of the company?
</Sub-Question>
<Search>
Text Retrieval: company name
</Search>","<Thought>
The retrieved documents provide information about the Ray-Ban brand and its history, but they do not mention the current board members of the company. To find the current board members, we need to search for the company's official website or financial reports.
</thought>
<Sub-Question>
What is the current website of the company Ray-Ban?
</Sub-Question>
<Search>
Text Retrieval: ""Ray-Ban official website""",company name board members,Ray Ban,True,0.0,0.0,0.0,0.0,0.0,0.0,0.13793103448275862,0.15384615384615385,0.015915119363395236,0.0,,,0.08695652173913043,0.09433962264150944,0.007383100902379008,0.3333333333333333,0.4166666666666667,0.08333333333333337,0.15686274149942336,,
5f7d7b90-8aec-490c-bd11-371933b29c27,how much rosemary do i need for the divalicious recipe for this?,generation_error,missing_final_answer,"<Thought>
The retrieved documents do not contain the DivaLicious recipe or any information about the amount of rosemary needed. I need to search for the DivaLicious recipe to find the specific amount of rosemary required.
</Thought>
<Sub-Question>
Where can I find the DivaLicious recipe?
</Sub-Question>
<Search>
Text Retrieval: DivaLicious recipe
</Search>","<Thought>
The retrieved documents do not provide the specific amount of rosemary needed for the DivaLicious recipe. I need to find the exact recipe details to determine the amount of rosemary required.
</thought>
<Sub-Question>
What is the exact amount of rosemary needed for the DivaLicious recipe?
</Sub-Question>
<Search>
Text Retrieval: DivaLicious recipe for rosemary flatbread amount</Search>",DivaLicious recipe rosemary amount,DivaLicious recipe rosemary flatbread,True,0.0,0.0,0.0,0.0,0.0,0.0,0.2142857142857143,0.26666666666666666,0.05238095238095236,0.0,,,0.13333333333333333,0.16326530612244897,0.029931972789115635,0.5454545454545454,0.7272727272727273,0.18181818181818188,0.17391304007561445,,
5ff5bc68-932e-4a65-9534-ff7c6f88957a,what was the final year of production for this motorcycle?,missing_final_answer,missing_final_answer,"<Thought>
The retrieved documents do not provide any information about the motorcycle model or its final year of production. We need to identify the model of the motorcycle in the image to determine its final year of production.
</Thought>
<Sub-Question>
What is the model of the motorcycle in the image?
</Sub-Question>
<Search>
Image Retrieval: motorcycle model identification from the image
</Search>","<Thought>
The retrieved documents do not provide information about the final year of production for the BMW R nineT motorcycle. I need to search for more specific information about the model and its production history.
</Thought>
<Sub-Question>
What is the final year of production for the BMW R nineT motorcycle?
</Sub-Question>
<Search>
Text Retrieval: ""BMW R nineT final year of production""",identify the make and model of the motorcycle in the image,BMW R nineT,True,0.0,0.0,0.0,0.0,0.0,0.0,0.1311475409836066,0.1875,0.05635245901639341,0.0,,,0.07692307692307693,0.10909090909090909,0.03216783216783216,0.4444444444444444,0.6666666666666666,0.2222222222222222,0.20833333003472226,,
601c06ca-665d-4717-9760-e37c69e72eec,what is the capital of the country that featured this symbol on their traditional coat of arms?,ok,ok,The capital of the country that featured the stylized flower symbol on their traditional coat of arms is London.,The capital of the country that featured the symbol on their traditional coat of arms is Paris.,country traditional coat of arms flower symbol,France,True,0.0,0.0,0.0,0.0,0.0,0.0,0.6000000000000001,0.7142857142857143,0.11428571428571421,0.0,,,0.5625,0.7142857142857143,0.1517857142857143,0.6428571428571429,0.7142857142857143,0.0714285714285714,0.5161290273048909,,
61aa74d8-5596-4262-ae61-f4a17429a96a,are these cheaper at walmart?,missing_final_answer,ok,"<Thought>
The retrieved documents do not provide information about the price of Lundberg rice cakes at Walmart. We need to compare the price of the rice cakes in the image with Walmart's prices.
</Thought>
<Sub-Question>
Are these rice cakes cheaper at Walmart?
</Sub-Question>
<Search>
Text Retrieval: compare the price of Lundberg rice cakes at Walmart with the price shown in the image.
</Search>","No, these rice cakes are not cheaper at Walmart.",compare the price of Lundberg rice cakes at Walmart with the price shown in the image.,compare the price of Lundberg Brown Rice Cakes Lightly Salted at Walmart,True,0.0,0.0,0.0,0.0,0.0,0.0,0.1388888888888889,0.30769230769230765,0.16880341880341876,0.0,,,0.09090909090909091,0.4444444444444444,0.3535353535353535,0.29411764705882354,0.23529411764705882,-0.05882352941176472,0.10344827134363872,,
61cf5865-1233-40e0-b2c2-926cb7b6fe7d,when was this book published?,ok,missing_final_answer,The publication date of the book shown in the image cannot be determined from the given information.,"<Thought>
The documents do not provide the specific publication date of the book ""Emperor of Rome: Ruling the Ancient Roman World"" by Mary Beard. The documents only provide information about the book's content and its author.
</Thought>
<Sub-Question>
What is the publication date of the book ""Emperor of Rome: Ruling the Ancient Roman World"" by Mary Beard?
</Sub-Question>
<Search>
Text Retrieval: ""publication date of Emperor of Rome: Ruling the Ancient Roman World by Mary Beard""",ISBN 978-1-324-09560-6 publication date,publication date of Emperor of Rome: Ruling the Ancient Roman World,True,0.0,0.0,0.0,0.0,0.0,0.0,0.12903225806451615,0.2650602409638554,0.13602798289933923,0.0,,,0.15384615384615385,0.16923076923076924,0.015384615384615385,0.1111111111111111,0.6111111111111112,0.5,0.18181817685950424,,
6272ad2a-aaed-4c35-9c99-c86c03abd423,are more species of this native to europe or asia?,missing_final_answer,missing_final_answer,"<Thought>
The retrieved documents do not provide information about the specific types of roses shown in the image. We need to know the specific types of roses shown in the image to answer the question.
</Thought>
<Sub-Question>
What are the specific types of roses shown in the image?
</Sub-Question>
<Search>
Image Retrieval: types of roses in the image
</Search>","<Thought>
The retrieved documents provide information about various types of roses, but they do not specify the types of roses shown in the image. To determine the native regions of these species, we need to identify the specific type of roses shown in the image.
</Thought>
<Sub-Question>
What are the specific types of roses shown in the image?
</Sub-Question>
<Search>
Text Retrieval: specific types of roses shown in the image",types of roses shown in the image,roses,True,0.0,0.0,0.0,0.0,0.0,0.0,0.13114754098360654,0.16666666666666666,0.03551912568306012,0.0,,,0.08,0.09836065573770492,0.018360655737704915,0.36363636363636365,0.5454545454545454,0.18181818181818177,0.13636363261363646,,
6298a703-4e1c-4480-b324-9fe1b66d3279,what is the nationality of the naturalist that formally described this animal?,ok,ok,The naturalist that formally described the rock dove is Charles Darwin.,The nationality of the naturalist that formally described the Common Gull is Swedish.,animal in the image,Common Gull,True,0.0,0.0,0.0,0.0,0.0,0.0,0.28571428571428575,0.5454545454545454,0.25974025974025966,0.0,,,0.3333333333333333,0.6,0.26666666666666666,0.25,0.5,0.25,0.24999999503472223,,
63fe2db8-1c4c-4170-9976-6dd686c0023b,how much does this car cost new compared to a bmw x4 m?,missing_final_answer,missing_final_answer,"<Thought>
The retrieved documents do not provide specific information about the model of the Mercedes-Benz car in the image. We need to know the model to compare its price with a BMW X4 M.
</Thought>
<Sub-Question>
What is the model of the Mercedes-Benz car in the image?
</Sub-Question>
<Search>
Text Retrieval: ""Mercedes-Benz car model in the image""
</Search>","<Thought>
The BMW X5 M starts at an MSRP price of $90,252, and the BMW X4 M will likely have a similar price range. The BMW X4 M is a high-performance variant of the BMW X4, and the BMW X5 M is a high-performance variant of the BMW X5. Given the performance and features of the BMW X5 M, we can assume that the BMW X4 M will have a similar price range.
</Thought>
<Sub-Question>
What is the price range of the BMW X4 M?
</Sub-Question>
<Search>
Text Retrieval: ""BMW X4 M price range""",Mercedes-Benz car model identification,Mercedes-Benz AMG GLE 53,True,0.0,0.0,0.0,0.0,0.0,0.0,0.23529411764705882,0.14285714285714285,-0.09243697478991597,0.0,,,0.16666666666666666,0.08974358974358974,-0.07692307692307691,0.4,0.35,-0.050000000000000044,0.09836065133028776,,
647be4d7-b3c9-4612-9ac1-b0c5a10b7d67,did this car model sell more units than the honda civic in 2012?,missing_final_answer,missing_final_answer,"<Thought>
The retrieved documents do not provide any information about the car model or its sales figures. We need to search for specific data on car sales figures for the car model and the Honda Civic in 2012.
</Thought>
<Sub-Question>
What is the car model shown in the image?
</Sub-Question>
<Search>
Text Retrieval: car model identification from the image
</Search>","<Thought>
The retrieved documents provide information about the Cadillac CT5's sales figures in 2022, but they do not provide specific sales data for the Cadillac CT6 in 2012. To answer the question, we need to search for the Cadillac CT6's sales figures in 2012.
</thought>
<Sub-Question>
What were the sales figures for the Cadillac CT6 in 2012?
</Sub-Question>
<Search>
Text Retrieval: Cadillac CT6 sales in 2012
</Search>",,Nissan Kicks,False,0.0,0.0,0.0,0.0,0.0,0.0,0.11764705882352941,0.05333333333333334,-0.06431372549019607,0.0,,,0.07547169811320754,0.03333333333333333,-0.04213836477987421,0.26666666666666666,0.13333333333333333,-0.13333333333333333,0.06779660637747796,,
66659ab8-cfe9-47b1-9ef2-fb74f0dd1c49,what is the maximum rpm of this?,missing_final_answer,ok,"<Thought>
The retrieved documents do not provide the specific model name of the power tool in the image. We need to search for the model name or any other identifying features that can help us find the specifications.
</Thought>
<Sub-Question>
What is the model name of the power tool in the image?
</Sub-Question>
<Search>
Text Retrieval: ""model name of the power tool in the image""
</Search>","The maximum RPM of the Dremmel 4000 power tool is 35,000 RPM.",model of the power tool in the image,Dremmel 4000,True,0.0,0.0,0.0,0.0,0.0,0.0,0.08695652173913043,0.5,0.41304347826086957,0.0,,,0.05454545454545454,0.6,0.5454545454545454,0.21428571428571427,0.42857142857142855,0.21428571428571427,0.09999999608888904,,
6853bee1-eed5-4859-a256-e11672c8a38c,how long has this station operated?,missing_final_answer,ok,"<Thought>
The retrieved documents do not provide specific information about the operational history of the train station in the image. We need to search for more specific information about the station's history.
</Thought>
<Sub-Question>
How long has this station operated?
</Sub-Question>
<Search>
Text Retrieval: history of the train station in the image
</Search>",The Leadville Colorado and Southern Railroad has been in operation since 1980.,history of the train station in the image,history of Leadville Colorado Southern Depot,True,0.0,0.0,0.0,0.0,0.0,0.0,0.09677419354838708,0.3703703703703703,0.27359617682198323,0.0,,,0.06521739130434782,0.45454545454545453,0.3893280632411067,0.1875,0.3125,0.125,0.11111110679698236,,
6a0d63a0-1910-4de3-8686-a6189f176b3d,what is the name of the person who applied for the world's first patent for this?,missing_final_answer,ok,"<Thought>
Based on the retrieved documents, the first patent in the United States was granted on July 31, 1790, and it was granted by President George Washington. However, the question asks for the name of the person who applied for the world's first patent. The documents do not provide this information directly. We need to search for historical information about the first patent and the inventor.
</Thought>
<Sub-Question>
What is the name of the person who applied for the world's first patent?
</Sub-Question>
<Search>
Text Retrieval: the name of the person who applied for the world's first patent
</Search>",The name of the person who applied for the world's first patent for a pencil sharpener is Bernard Lassimonne.,the name of the person who applied for the world's first patent,Bernard Lassimonne applied for the world's first patent on a pencil sharpener,True,0.0,0.0,0.0,0.0,0.0,0.0,0.1443298969072165,0.6206896551724138,0.4763597582651973,0.0,,,0.08433734939759036,0.6,0.5156626506024096,0.5,0.6428571428571429,0.1428571428571429,0.1917808184950273,,
6a29c081-3188-40c5-b099-88ef05c731f5,what was this car originally called?,generation_error,ok,"<Thought>
The retrieved documents provide information about various cars, including convertibles and police vehicles. However, none of the documents directly identify the specific make and model of the car in the image. The car in the image appears to be a convertible, but the exact make and model are not clearly identified. To determine the exact make and model, we need more specific details or a clearer image of the car's front or rear.
</Thought>
<Sub-Question>
What is the make and model of the car in the image?
</Sub-Question>
<Search>
Text Retrieval: ""classic car with white body and black roof""
</Search>","The original name of the Rolls-Royce Spirit of Ecstasy was ""The Whisper.""",Rolls-Royce Silver Shadow original name,Rolls-Royce Silver Shadow,True,0.0,0.0,0.0,0.0,0.0,0.0,0,0.11764705882352941,0.11764705882352941,0.0,,,0,0.1111111111111111,0.1111111111111111,0,0.125,0.125,0.027777776022376657,,
6a8f95dc-0c55-4bdb-83da-c61b129c2f57,are more art pieces by the artist displayed in the united kingdom or france?,missing_final_answer,ok,"<Thought>
The retrieved documents do not provide specific information about the artist whose work is displayed in the image. The image appears to be of a Renaissance altarpiece,",There is not enough information to determine the number of art pieces by the artist Gonzalo Pérez displayed in the United Kingdom or France.,number of art pieces by the artist displayed in the United Kingdom,Gonzalo Pérez,True,0.0,0.0,0.0,0.0,0.0,0.0,0.09999999999999999,0.5789473684210527,0.4789473684210527,0.0,,,0.08695652173913043,0.5238095238095238,0.4368530020703934,0.11764705882352941,0.6470588235294118,0.5294117647058824,0.14285713803854888,,
6ad3c77e-1845-46cc-8f38-3a3e52b11ead,what's the ideal temperature for this plant?,missing_final_answer,ok,"<Thought>
The retrieved documents do not provide specific information about the type of plant in the image. We need to identify the plant type to determine its ideal temperature.
</thought>
<Sub-Question>
What is the type of plant in the image?
</Sub-Question>
<Search>
Image Retrieval: ""identify the type of plant in the image""
</Search>",The ideal temperature for Strelitzia nicolai is between 65-85°F (18-29°C). It is sensitive to cold drafts and should not be kept near air conditioning units or windows during winter.,identify the plant in the image,Strelitzia nicolai,True,0.0,0.0,0.0,0.0,0.0,0.0,0.14035087719298245,0.35000000000000003,0.20964912280701758,0.0,,,0.08888888888888889,0.25,0.1611111111111111,0.3333333333333333,0.5833333333333334,0.25000000000000006,0.1632653022240734,,
6ade12eb-28b3-4574-b04e-7e9597f2d824,what other flavors of this are offered on their website?,missing_final_answer,missing_final_answer,"<Thought>
The retrieved documents do not provide specific information about the flavors of Top Ramen offered on their website. However, we can infer that Top Ramen likely offers a variety of flavors based on the context of the question and the information provided in the documents. To get a precise answer, we need to search for the official website of Top Ramen or a reliable source that lists their product offerings.
</Thought>
<Sub-Question>
What other flavors of Top Ramen are offered on their website?
</Sub-Question>
<Search>
Text Retrieval: Top Ramen flavors on their website
</Search>","<Thought>
The retrieved documents provide information about various flavors of Top Ramen, including beef, chicken, shrimp, soy sauce, and chili. However, the specific flavors offered on the website are not mentioned. To find the exact flavors available on the website, we need to search for the official website of Top Ramen or the Nissin company.
</thought>
<Sub-Question>
What other flavors of Top Ramen are offered on their website?
</Sub-Question>
<Search>
Text Retrieval: Top Ramen flavors on their website</Search>",Top Ramen flavors on their website,"Top Ramen flavors chicken, shrimp, soy sauce, chili on their website",True,0.0,0.0,0.0,0.0,0.0,0.0,0.1523809523809524,0.28571428571428575,0.13333333333333336,0.0,,,0.09411764705882353,0.18309859154929578,0.08898094449047225,0.4,0.65,0.25,0.12658227482775208,,
6b9696cd-585f-42ea-a8c0-b5fdccb2d8d4,how much does the new version of that car cost?,missing_final_answer,ok,"<Thought>
The retrieved documents do not provide the price of the new version of the car shown in the image. The image does not show a specific car model, and the documents are about different car models and their prices. To find the price of the new version of the car shown in the image, we need to search for the specific car model and its price.
</thought>
<Sub-Question>
What is the price of the new version of the","The new version of the 2025 Nissan Frontier costs between $32,050 and $45,610.","make, model, and version of the car",2025 Nissan Frontier price,True,0.0,0.0,0.0,0.0,0.0,0.0,0.07692307692307693,0.3846153846153846,0.30769230769230765,0.0,,,0.047619047619047616,0.45454545454545453,0.4069264069264069,0.2,0.3333333333333333,0.1333333333333333,0.16949152132145948,,
6c592731-fe3b-46b0-802f-b0570820828b,what architectural style is this building?,ok,ok,"The architectural style of the building in the image is the Colorado Mountain style, which is a regional style common in the Rocky Mountains, incorporating elements of Victorian architecture and known for its use of red brick and symmetry.",The architectural style of the building in the image is a blend of Victorian and Colorado Mountain style.,architectural style of the building in the image,architectural style of Hotel Colorado,True,0.0,0.0,0.0,0.0,0.0,0.0,0.23255813953488375,0.41666666666666663,0.18410852713178288,0.0,,,0.15151515151515152,0.35714285714285715,0.20562770562770563,0.5,0.5,0.0,0.1951219472932779,,
6d1ef928-ab41-43a3-b605-e0dbe67884e4,can i plant this in full sun?,missing_final_answer,ok,"<Thought>
The retrieved documents do not provide specific information about the plant in the image. I need to identify the plant type to determine its light requirements.
</Thought>
<Sub-Question>
What is the plant in the image?
</Sub-Question>
<Search>
Image Retrieval: Identify the plant in the image.
</Search>",": Begonias generally prefer bright light but can tolerate full sun, especially wax begonias with bronze leaves. It is important to acclimate the plant gradually to full sun to avoid burning the leaves. The ideal light exposure for Begonias is about eight to ten hours a day, with some varieties preferring partial shade.",identify the plant in the image,Begonias,True,0.0,0.0,0.0,0.0,0.0,0.0,0.14814814814814814,0.19047619047619047,0.042328042328042326,0.0,,,0.10256410256410256,0.125,0.02243589743589744,0.26666666666666666,0.4,0.13333333333333336,0.08163264881299481,,
6d52d815-6963-47f3-8029-54d1dc6e1ae0,who illustrated this book?,missing_final_answer,missing_final_answer,"<Thought>
The retrieved documents do not provide the title of the book in the image. We need to focus on the text in the image to identify the book's title or author.
</Thought>
<Sub-Question>
What is the title of the book in the image?
</Sub-Question>
<Search>
Text Retrieval: ""book title in the image""
</Search>","<Thought>
The retrieved documents do not provide the name of the illustrator. I need to search for the book's title or any other identifying information to find the illustrator.
</Thought>
<Sub-Question>
Who illustrated the book ""Before We Are Born: Essentials of Embryology and Birth Defects""?
</Sub-Question>
<Search>
Text Retrieval: ""Before We Are Born: Essentials of Embryology and Birth Defects""","book title"" + ""illustrator",Before We Are Born: Essentials of Embryology and Birth Defects,True,0.0,0.0,0.0,0.0,0.0,0.0,0,0.03333333333333333,0.03333333333333333,0.0,,,0,0.018867924528301886,0.018867924528301886,0,0.14285714285714285,0.14285714285714285,0.0,,
6d7078e8-a45e-4805-9de0-a561b9ad2112,is there an event space inside this building?,missing_final_answer,missing_final_answer,"<Thought>
The retrieved documents suggest that the building may have a conference center or a convention center, which could serve as an event space. However, the specific details about the event space inside the building are not provided in the documents. We need more information about the building's interior to determine if there is an event space.
</Thought>
<Sub-Question>
Is there an event space inside this building?
</Sub-Question>
<Search>
Text Retrieval: event space inside the building with a revolving door
</Search>","<Thought>
The retrieved documents provide information about the office space and coworking space at 25 Broadway. The coworking space at 25 Broadway offers various options, including private offices, open desks, meeting rooms, and event spaces. However, the availability of event spaces is not explicitly stated in the documents. To determine if there is an event space inside the building, we need to know if the event spaces are part of the office space or if they are separate facilities.
</Thought>
<Sub-Question>
Is there an event space inside the building at 25 Broadway?
</Sub-Question>
<Search>
Text Retrieval: event space inside 25 Broadway availability</Search>",event space inside building with grand entrance and revolving door,event space inside 25 Broadway,True,0.0,0.0,0.0,0.0,0.0,0.0,0.052631578947368425,0.08,0.027368421052631577,0.0,,,0.029850746268656716,0.04395604395604396,0.014105297687387244,0.2222222222222222,0.4444444444444444,0.2222222222222222,0.09090908833792477,,
6e4f1e0c-59e3-474e-9e99-1aa9c029bab6,what used to be in this building?,ok,ok,The building used to be a part of Mayo Clinic.,"The building shown in the image used to be the Calvary Baptist Church. It was later converted into the Yale Repertory Theatre, which is a professional theatre at Yale University.","history of the building with red brick and a sign that says ""We Welcome All",history of Yale Repertory Theatre,True,0.0,0.0,0.0,0.0,0.0,0.0,0,0.36363636363636365,0.36363636363636365,0.0,,,0,0.24,0.24,0,0.75,0.75,0.0,,
6f526d55-f949-4ec1-9172-80a3c7fa4d1d,how many people are credited with writing this book?,generation_error,missing_final_answer,"<Thought>
The retrieved documents do not provide the title of the book shown in the image. We need to know the title of the book to answer the question about the number of people credited with writing it.
</thought>
<Sub-Question>
What is the title of the book shown in the image?
</Sub-Question>
<Search>
Text Retrieval: title of the book in the image
</Search>","<Thought>
The retrieved documents do not provide information about the number of people credited with writing the book ""Before We Are Born: Essentials of Embryology and Birth Defects"". I need to search for the book's authorship details.
</Thought>
<Sub-Question>
Who are the authors of the book ""Before We Are Born: Essentials of Embryology and Birth Defects""?
</Sub-Question>
<Search>
Text Retrieval: ""Before We Are Born: Essentials of Embryology and Birth Defects"" authors",title of the book shown in the image,Before We Are Born: Essentials of Embryology and Birth Defects,True,0.0,0.0,0.0,0.0,0.0,0.0,0.15584415584415584,0.34782608695652173,0.1919819311123659,0.0,,,0.12,0.24615384615384617,0.12615384615384617,0.2222222222222222,0.5925925925925926,0.37037037037037035,0.1290322532518212,,
6ff138e2-90c6-43f0-96b2-792d0316c91e,what is this made of?,ok,missing_final_answer,"The material of the statue in the image could be sandstone, pottery, clay, or chryselephantine.","<Thought>
The statue in the image appears to be a standing Bodhisattva Maitreya, which is a popular sculptural subject in the ancient region of Gandhara. The statue is likely made of a material that is light in color and has a smooth texture, such as stone or wood. The exact material cannot be determined from the image alone, but it is possible that the statue is made of stone, as suggested by the reference to Gandhara, which is known for its stone sculptures.
</Thought>
<Sub-Question>
What is the material of the statue in the image?
</Sub-Question>
<Search>
Text Retrieval: ""Standing Bodhisattva Maitreya""",material of the statue in the image,Standing Bodhisattva,True,0.0,0.0,0.0,0.0,0.0,0.0,0.0909090909090909,0.12371134020618556,0.03280224929709466,0.0,,,0.08333333333333333,0.06896551724137931,-0.01436781609195402,0.1,0.6,0.5,0.08333332847222251,,
7084f000-8a8c-4755-973e-b240c7ef45eb,how often should this white car on the right be serviced?,missing_final_answer,missing_final_answer,"<Thought>
The retrieved documents provide images of various cars, but none of them match the white car on the right in the image. We need to focus on the car's make and model to determine its recommended service intervals.
</Thought>
<Sub-Question>
What is the make and model of the white car on the right?
</Sub-Question>
<Search>
Image Retrieval: white car on the right side of the street
</Search>","<Thought>
The documents provide information about the Toyota RAV4, but they do not specify the exact service intervals. To determine the recommended service interval for the Toyota RAV4, we need to find a more detailed maintenance schedule for the Toyota RAV4.
</Thought>
<Sub-Question>
What is the recommended service interval for the Toyota RAV4?
</Sub-Question>
<Search>
Text Retrieval: ""Toyota RAV4 service interval schedule""",white car on the right in the image,Toyota RAV4 maintenance schedule,True,0.0,0.0,0.0,0.0,0.0,0.0,0,0.14285714285714285,0.14285714285714285,0.0,,,0,0.11320754716981132,0.11320754716981132,0,0.1935483870967742,0.1935483870967742,0.026666661866667534,,
728ff37e-1ff0-43b7-bc3a-fc47ec98a1a6,when was the company that sold the typewriter which this is based on founded?,missing_final_answer,missing_final_answer,"<Thought>
The retrieved documents do not provide any information about the typewriter in the image. We need to find more specific information about the typewriter in the image.
</thought>
<Sub-Question>
What is the typewriter in the image?
</Sub-Question>
<Search>
Image Retrieval: typewriter in the image
</Search>","<Thought>
The retrieved documents provide information about the typewriter company, E. Remington & Sons. The company was founded in 1873 when Christopher Latham Sholes sold the patent for the typewriter to E. Remington & Sons. The typewriter company that sold the typewriter based on the QWERTY keyboard was E. Remington & Sons.
</Thought>
<Sub-Question>
When was E. Remington & Sons founded?
</Sub-Question>
<Search>
Text Retrieval: E. Remington & Sons founding year",company that sold the typewriter,E. Remington and Sons,True,0.0,0.0,0.0,0.0,0.0,0.0,0.043478260869565216,0.18181818181818182,0.1383399209486166,0.0,,,0.02631578947368421,0.10344827586206896,0.07713248638838476,0.125,0.75,0.625,0.05263157562326891,,
733b9845-10a3-451c-a976-6ce3c0160bb7,when did the brand of this car released their first?,missing_final_answer,ok,"<Thought>
The retrieved documents provide information about different car models and their release years. However, the image does not clearly show the car brand. I need to identify the car brand from the image itself.
</Thought>
<Sub-Question>
What is the brand of the car in the image?
</Sub-Question>
<Search>
Image Retrieval: car brand identification from the image
</Search>",The Range Rover brand released their first model in 1970.,car brand with emblem on wheel,Range Rover,True,0.0,0.0,0.0,0.0,0.0,0.0,0,0.5555555555555556,0.5555555555555556,0.0,,,0,0.5555555555555556,0.5555555555555556,0,0.5555555555555556,0.5555555555555556,0.03921568312187646,,
74f00230-871b-4c22-8bc4-f6c562cdf423,what is this sometimes called in the southeastern united states?,generation_error,ok,"<Thought>
The retrieved documents do not provide information about the plant in the image. The documents are about Hydnellum cyanopodium and its look-alike species, but the image does not match the description of Hydnellum cyanopodium. I need to search for a more specific plant identification.
</Thought>
<Sub-Question>
What is the name of the plant in the image?
</Sub-Question>
<Search>
Text Retrieval: plant identification of the plant in the image
</Search>",The plant in the image is sometimes called monkey grass in the southeastern United States.,"common names for plants with long, narrow leaves in the southeastern United States",Monkey Grass,True,0.0,0.0,0.0,0.0,0.0,0.0,0.10666666666666667,0.5517241379310345,0.4450574712643678,0.0,,,0.06896551724137931,0.6666666666666666,0.5977011494252873,0.23529411764705882,0.47058823529411764,0.23529411764705882,0.12903225408428734,,
75b8f1c2-e97a-4355-9e23-e3a7aa5fae4f,"which truck is better off-road, this one or ram 2500?",missing_final_answer,ok,"<Thought>
The retrieved documents do not provide any information about the make and model of the truck in the image. We need to identify the truck in the image to compare its off-road capabilities with the Ram 2500.
</thought>
<Sub-Question>
What is the make and model of the truck in the image?
</Sub-Question>
<Search>
Image Retrieval: Identify the make and model of the truck in the image.
</Search>",The Ram 1500 is better off-road compared to the Ram 2500.,comparison of off-road capabilities between the truck in the image and a Ram 2500.,Ram 1500,True,0.0,0.0,0.0,0.0,0.0,0.0,0.1188118811881188,0.1818181818181818,0.06300630063006299,0.0,,,0.10909090909090909,0.5555555555555556,0.4464646464646465,0.13043478260869565,0.10869565217391304,-0.021739130434782608,0.10389609890369395,,
765823f3-c6f1-4dcb-8a96-2ea9c8d54274,in what year was the acid that can be found in this plant first isolated?,missing_final_answer,missing_final_answer,"<Thought>
The retrieved documents do not provide specific information about the plant in the image. We need to identify the plant and the specific acid it contains to answer the question.
</Thought>
<Sub-Question>
What is the name of the plant in the image?
</Sub-Question>
<Search>
Text Retrieval: plant identification from the image
</Search>","<Thought>
The retrieved documents do not provide the specific plant in the image. We need to identify the plant in the image and then find the acid it contains.
</Thought>
<Sub-Question>
What is the plant in the image?
</Sub-Question>
<Search>
Image Retrieval: A plant with green and red leaves, possibly a type of Calathea.
</Search>",,Schefflera,False,0.0,0.0,0.0,0.0,0.0,0.0,0.08,0.07692307692307693,-0.0030769230769230743,0.0,,,0.046511627906976744,0.044444444444444446,-0.0020671834625322974,0.2857142857142857,0.2857142857142857,0.0,0.08888888626172847,,
771e20fb-3fe6-4136-a439-48b245b7c5ad,who created the first known modern one of these?,generation_error,missing_final_answer,"<Thought>
The retrieved documents do not provide a clear answer to the question ""who created the first known modern one of these?"" The documents discuss various topics such as the Ship of Theseus, the Proto-Canaanite script, and the history of games. None of these topics directly answer the question about the creator of the first known modern version of something. The question is still unclear, and more context is needed to provide a precise answer.
</Thought>
<Sub-Question>
What is the specific ""one of these"" in the context of the question?
</Sub-Question>
<Search>
Text Retrieval: ""first known modern one of these"" context
</Search>","<Thought>
The retrieved documents provide information about the history of folding chairs, including the invention of the first modern folding chair. According to the documents, the first modern folding chair was invented by Philip E.G. Harrison in 1931. The documents also mention that Fredric Arnold created the first aluminum folding chair in 1947, which was a significant improvement over Harrison's design.
</Thought>
<Sub-Question>
Who invented the first modern folding chair?
</Sub-Question>
<Search>
Text Retrieval: ""first modern folding chair inventor""",who created the first known modern one of these,first known modern picnic table,True,0.0,0.0,0.0,0.0,0.0,0.0,0.09523809523809525,0.13636363636363635,0.04112554112554111,0.0,,,0.05813953488372093,0.08695652173913043,0.028816986855409503,0.2631578947368421,0.3157894736842105,0.05263157894736842,0.14634145960440223,,
77c72576-3954-46ad-8815-86a927b82e39,who is the ceo of the manufacturer of this car?,missing_final_answer,ok,"<Thought>
The retrieved documents do not provide information about the current CEO of Chevrolet. The documents mention that Phil Popham was named CEO of Lotus Cars in October 2018, and Matt Windle was appointed Managing Director of Lotus Cars in January 2021. However, there is no information about the current CEO of Chevrolet in the retrieved documents.
</Thought>
<Sub-Question>
What is the current CEO of Chevrolet?
</Sub-Question>
<Search>
Text Retrieval: current CEO of Chevrolet
</Search>",The CEO of the manufacturer of the van shown in the image is Mary Barra.,"manufacturer of the van with ""CLEVELAND"" on it",CEO of General Motors,True,0.0,0.0,0.0,0.0,0.0,0.0,0.125,0.6363636363636364,0.5113636363636364,0.0,,,0.07246376811594203,0.6363636363636364,0.5638998682476943,0.45454545454545453,0.6363636363636364,0.18181818181818182,0.10526315477993237,,
78e5384f-6e29-4ec9-be91-28e6dd22b413,how high can these grow?,missing_final_answer,ok,"<Thought>
The retrieved documents do not provide specific information about the type of plant in the image. We need to identify the type of plant in the image to determine its growth potential.
</thought>
<Sub-Question>
What is the type of plant in the image?
</Sub-Question>
<Search>
Image Retrieval: Identify the type of plant in the image.
</Search>",The Arrowhead Vine can grow up to about 15 inches in height before it starts to climb or cascade out of its pot.,Identify the type of plant in the image.,Arrowhead Vine,True,0.0,0.0,0.0,0.0,0.0,0.0,0.05714285714285715,0.22727272727272727,0.17012987012987013,0.0,,,0.041666666666666664,0.22727272727272727,0.1856060606060606,0.09090909090909091,0.22727272727272727,0.13636363636363635,0.03571428102678633,,
79d33cb2-fa31-48c3-ae0e-4935ab3fc67c,when was the apple variety on the right first released?,ok,ok,The Fuji apple variety was first released in 1962.,The Granny Smith apple was first released in 1868.,apple variety on the right,Evercrisp,True,0.0,0.0,0.0,0.0,0.0,0.0,0.23529411764705882,0.23529411764705882,0.0,0.0,,,0.25,0.25,0.0,0.2222222222222222,0.2222222222222222,0.0,0.22222221722222232,,
79f3e4e6-6715-403a-8902-4181865f3a49,who is comissioner of the parks and recreation department of the city where this is located?,ok,ok,"The current commissioner of the parks and recreation department of New York City is the head of the New York City Department of Parks and Recreation, appointed by the mayor and serving at the mayor's pleasure.",The current commissioner of the parks and recreation department in New York City is Susan Donoghue.,United States Navy monument with a memorial wall in a city,new york city,True,0.0,0.0,0.0,0.0,0.0,0.0,0.3673469387755102,0.7272727272727273,0.35992578849721707,0.0,,,0.3,0.8571428571428571,0.5571428571428572,0.47368421052631576,0.631578947368421,0.15789473684210525,0.32558139041644135,,
7a3091e0-1ed5-4db4-b225-758ec98e6a04,where did the artist of this work study?,missing_final_answer,missing_final_answer,"<Thought>
The image does not provide enough information to identify the artist of the sculpture. We need to identify the artist and then research their educational background.
</Thought>
<Sub-Question>
What is the name of the artist of this sculpture?
</Sub-Question>
<Search>
Text Retrieval: artist name of the sculpture in the image
</Search>","<Thought>
The artist of the work in the image is Isamu Noguchi. According to the retrieved documents, Noguchi studied in Paris and took sculpture classes in New York. He worked as an assistant to Constantin Brâncuși in Paris and later returned to New York to continue his artistic career.
</Thought>
<Sub-Question>
Where did Isamu Noguchi study in Paris?
</Sub-Question>
<Search>
Text Retrieval: ""Isamu Noguchi studied in Paris and took sculpture classes in New York.""",artist name or title of the work in the image,Isamu Noguchi,True,0.0,0.0,0.0,0.0,0.0,0.0,0.03636363636363636,0.1,0.06363636363636364,0.0,,,0.022727272727272728,0.057971014492753624,0.035243741765480896,0.09090909090909091,0.36363636363636365,0.2727272727272727,0.08510637917609795,,
7babcc3e-32b7-4d39-80d7-dfbfabdf2bba,which countries are these manufactured in?,ok,ok,"The Unimog is manufactured in Germany, the United States, and Canada.","The Freightliner trucks in the image are manufactured in Cleveland, NC, Mount Holly, NC, and two cities in Mexico.",make and model of the truck in the image,Freightliner,True,0.0,0.0,0.0,0.0,0.0,0.0,0.35294117647058826,0.56,0.2070588235294118,0.0,,,0.3333333333333333,0.4117647058823529,0.0784313725490196,0.375,0.875,0.5,0.3809523759637189,,
7c5e707f-0441-46f6-9c11-c9fedaf592cf,which book did the author write before this one?,generation_error,missing_final_answer,"<Thought>
The retrieved documents do not provide the author's name of the book shown in the image. We need to search for the author's name to find their previous works.
</thought>
<Sub-Question>
What is the author's name of the book shown in the image?
</Sub-Question>
<Search>
Text Retrieval: author name of the book on the back cover of the image.
</Search>","<Thought>
The retrieved documents do not provide information about the author's previous works. We need to search for the author's name to find their other published works.
</Thought>
<Sub-Question>
What is the author's name of the book shown in the image?
</Sub-Question>
<Search>
Text Retrieval: Julia Lovell</Search>",author name of the book shown in the image,"The Opium War: Drugs, Dreams and the Making of China",True,0.0,0.0,0.0,0.0,0.0,0.0,0.0625,0.1090909090909091,0.0465909090909091,0.0,,,0.04,0.07317073170731707,0.03317073170731707,0.14285714285714285,0.21428571428571427,0.07142857142857142,0.075471694054824,,
7cca912e-64f0-4fa7-9494-29b0f1e302f6,how much do these birds way?,ok,ok,"The average weight of the pigeons in the image is between 30 g (0.066 lb) and 2,000 g (4.4 lb).",: The average weight of a rock dove is approximately 238–380 grams (8.4–13.4 ounces).,species of the birds in the image,rock doves,True,0.0,0.0,0.0,0.0,0.0,0.0,0.15384615384615383,0.19999999999999998,0.046153846153846156,0.0,,,0.11764705882352941,0.18181818181818182,0.06417112299465241,0.2222222222222222,0.2222222222222222,0.0,0.20689654720570758,,
7cd15678-d602-4b2d-b331-1ec84c673aea,what does this law say?,ok,ok,The sign says that parking is allowed only with a D.M.V. disabled permit. Violators are subject to towing under ORS 811.620 and a fine under ORS 811.615. The sign also specifies that it is for van accessible parking.,The sign indicates that parking with a D.M.V. disabled permit is allowed. Violators are subject to towing under ORS 811.620 and a fine under ORS 811.615.,ORS 811.620 and ORS 811.615,ORS 811.615,True,0.0,0.0,0.0,0.0,0.0,0.0,0.27848101265822783,0.2647058823529412,-0.013775130305286654,0.0,,,0.3235294117647059,0.391304347826087,0.06777493606138107,0.24444444444444444,0.2,-0.044444444444444425,0.24999999503472223,,
80622080-4971-439e-b403-bf2b551da03c,how can i propagate these?,missing_final_answer,ok,"<Thought>
The retrieved documents do not provide specific information about the type of plant in the image. I need to refine the search to focus on identifying the type of plant in the image.
</thought>
<Sub-Question>
What type of plant is shown in the image?
</Sub-Question>
<Search>
Text Retrieval: ""identify the type of plant in the image""
</Search>","To propagate a Peace Lily, you can use stem cuttings. Choose a healthy stem with at least 2-3 leaves, cut it just below a node, remove the lower leaves, place it in a pot with moist, well-draining soil, keep the soil moist but not waterlogged, and place the pot in a warm, bright location. Wait for new growth, which can take several weeks to months.",types of plants in the image,Peace Lillies,True,0.0,0.0,0.0,0.0,0.0,0.0,0,0.029850746268656716,0.029850746268656716,0.0,,,0,0.017543859649122806,0.017543859649122806,0,0.1,0.1,0.0,,
80f2fe60-b8e1-4b5f-80cd-f86c43cb5d6a,in which city and country did this candy origin story take place?,missing_final_answer,missing_final_answer,"<Thought>
The retrieved documents do not provide information about the origin story of the Good & Plenty candy. The documents mention the Good & Plenty candy as a narrow cylinder of sweet black licorice, coated in a hard candy shell to form a capsule shape. The pieces are colored bright pink and white and presented in a purple box or bag. However, the origin story of the Good & Plenty candy is not mentioned in the retrieved documents.
</Thought>
<Sub-Question>
What is the origin story of the Good & Plenty candy?
</Sub-Question>
<Search>
Text Retrieval: origin story of Good & Plenty candy
</Search>","<Thought>
The origin story of the candy cane is believed to have taken place in Germany in the 17th century. The candy cane was first used as a solution to keep children quiet during a church ceremony in Cologne, Germany. Over time, the candy cane gained popularity and started to take on the familiar red and white stripes.
</Thought>
<Sub-Question>
In which city and country did the origin story of the candy cane take place?
</Sub-Question>
<Search>
Text Retrieval: origin story of candy cane</Search>",candy name in the image,Candy Cane,True,0.0,0.0,0.0,0.0,0.0,0.0,0.08695652173913043,0.1927710843373494,0.10581456259821898,0.0,,,0.04819277108433735,0.10810810810810811,0.05991533702377076,0.4444444444444444,0.8888888888888888,0.4444444444444444,0.1492537288037425,,
81766f66-010e-4bf2-8296-51112231adca,how many recognized species of this has lemaire named?,ok,missing_final_answer,"Lemaire named multiple species in the genus Lemur, with over 100 recognized species in total.","<Thought>
The retrieved documents do not provide the specific information about the number of recognized species named by Lemaire. We need to search for more specific information about Lemaire and the number of species he has named.
</Thought>
<Sub-Question>
How many recognized species of succulents has Lemaire named?
</Sub-Question>
<Search>
Text Retrieval: Lemaire recognized species count of succulents</Search>",Lemaire succulent species count,Lemaire recognized species count of echeveria,True,0.0,0.0,0.0,0.0,0.0,0.0,0.29629629629629634,0.208955223880597,-0.08734107241569933,0.0,,,0.2857142857142857,0.12962962962962962,-0.15608465608465608,0.3076923076923077,0.5384615384615384,0.23076923076923073,0.2307692257692309,,
82126719-2070-4d13-9d27-5cb6a6f31528,which country does this organization operate in?,generation_error,missing_final_answer,"<Thought>
The retrieved documents do not provide information about the country of operation for the organization ""NIWA"". We need to search for more specific information about ""NIWA"" to determine its country of operation.
</Thought>
<Sub-Question>
What is the country of operation for the organization ""NIWA""?
</Sub-Question>
<Search>
Text Retrieval: ""NIWA country of operation""
</Search>","<Thought>
The retrieved documents do not provide information about the country where the organization NIWA operates. The text in the image and the documents suggest that NIWA is related to the Nigerian government, but this is not explicitly stated in the documents. Therefore, we need to rely on the information in the image.
</Thought>
<Sub-Question>
What country is the organization NIWA mentioned in the text?
</Sub-Question>
<Search>
Text Retrieval: ""NIWA operates in which country""",NIWA organization country,NIWA operates in which country,True,0.0,0.0,0.0,0.0,0.0,0.0,0.03508771929824561,0.0857142857142857,0.05062656641604009,0.0,,,0.02040816326530612,0.04838709677419355,0.027978933508887426,0.125,0.375,0.25,0.0,,
82609d1d-9257-4f9b-b80f-955ab74751ca,how many passengers can that car accommodate?,ok,ok,The car in the image can accommodate a maximum of five passengers.,The 2024 Toyota Venza can accommodate up to 5 passengers.,make and model of the car in the image,Toyota Venza,True,0.0,0.0,0.0,0.0,0.0,0.0,0.5333333333333333,0.6666666666666667,0.13333333333333341,1.0,,,0.4444444444444444,0.5555555555555556,0.11111111111111116,0.6666666666666666,0.8333333333333334,0.16666666666666674,0.4210526269252078,,
826b37d3-dcf1-4e96-abb9-b8c806a04b4b,is this company iso certified?,missing_final_answer,ok,"<Thought>
The retrieved documents do not provide information about the specific company's ISO certification status. We need more context or the name of the company to determine if it is ISO certified.
</Thought>
<Sub-Question>
Is there a specific company name or additional context needed to determine if the company is ISO certified?
</Sub-Question>
<Search>
Text Retrieval: company name and ISO certification status
</Search>","The image does not provide any information about the company's ISO certification status, and the company name is not mentioned. Therefore, it is not possible to determine if the company is ISO certified.",,Axis,False,0.0,0.0,0.0,0.0,0.0,0.0,0.1643835616438356,0.22222222222222224,0.05783866057838663,0.0,,,0.10526315789473684,0.1724137931034483,0.06715063520871145,0.375,0.3125,-0.0625,0.10714285357780624,,
83c5d2b2-2c1d-41b7-b284-bf9f0a9f00c0,what's the name of this plant?,missing_final_answer,ok,"<Thought>
The retrieved documents do not provide a direct match for the plant with broad, oval-shaped leaves. However, the characteristics of the leaves in the image are consistent with the description of broad-leaved plants. To identify the plant more accurately, I need to consider the overall shape and structure of the plant, which is not fully visible in the image.
</Thought>
<Sub-Question>
What is the name of the plant with broad, oval-shaped leaves and a broad",The plant in the image is Rhododendron catawbiense.,"plants with broad, oval-shaped leaves",Rhododendron catawbiense,True,0.0,0.0,0.0,0.0,0.0,0.0,0.030303030303030304,0.6,0.5696969696969697,0.0,,,0.016129032258064516,0.5,0.4838709677419355,0.25,0.75,0.5,0.0377358476610894,,
84ad7c0e-952b-459f-915a-cd6f8b59cb32,who invented the shoulder-shaped one of these?,ok,ok,"The shoulder-shaped hanger was inspired by a coat hook that was invented in 1869 by O. A. North of New Britain, Connecticut.",The shoulder-shaped hanger was invented by O.A. North in 1869.,shoulder-shaped hanger inventor,O. A. North inventor shoulder shaped hanger,True,0.0,0.0,0.0,0.0,0.0,0.0,0.3076923076923077,0.375,0.06730769230769229,1.0,,,0.21052631578947367,0.3333333333333333,0.12280701754385964,0.5714285714285714,0.42857142857142855,-0.14285714285714285,0.13793103020214045,,
86454edf-4787-42f8-8648-6c0114e5b766,what's the 0 to 60 time for this car?,missing_final_answer,missing_final_answer,"<Thought>
The retrieved documents do not provide any information about the make and model of the car in the image. We need to search for more specific information about the car in the image.
</thought>
<Sub-Question>
What is the make and model of the car in the image?
</Sub-Question>
<Search>
Image Retrieval: ""car make and model identification from image""
</Search>","<Thought>
The retrieved documents do not provide the make and model of the car in the image. We need to find more specific information about the car in the image.
</Thought>
<Sub-Question>
What is the make and model of the car in the image?
</Sub-Question>
<Search>
Image Retrieval: A black car parked on a city street.",make and model of the car in the image,2024 Polestar 2,True,0.0,0.0,0.0,0.0,0.0,0.0,0.032786885245901634,0.03636363636363636,0.0035767511177347278,0.0,,,0.0196078431372549,0.022222222222222223,0.0026143790849673214,0.1,0.1,0.0,0.07692307317307712,,
8649ff9a-acd0-4ffe-b6b3-c19dccfc0449,is this car still being manufactured?,missing_final_answer,missing_final_answer,"<Thought>
The retrieved documents do not provide any information about the make and model of the car in the image. We need to search for more specific information about the car's make and model.
</Thought>
<Sub-Question>
What is the make and model of the car in the image?
</Sub-Question>
<Search>
Text Retrieval: Identify the make and model of the car in the image.
</Search>","<Thought>
The retrieved documents provide information on how to identify the make and model of a car, but they do not contain the specific make and model of the car in the image. I need to use the VIN decoder to identify the make and model of the car in the image.
</thought>
<Sub-Question>
What is the make and model of the car in the image?
</Sub-Question>
<Search>
Text Retrieval: VIN decoder for the car in the image
</Search>",,Scion,False,0.0,0.0,0.0,0.0,0.0,0.0,0.05970149253731343,0.05128205128205128,-0.008419441255262151,0.0,,,0.03773584905660377,0.03125,-0.006485849056603772,0.14285714285714285,0.14285714285714285,0.0,0.11538461127958595,,
86b2e161-9ef0-4c0f-95e5-5c7bcbd2820d,what period is this statue from?,ok,ok,The statue is from the Archaic period of Ancient Greek art.,The period of this statue is the 13th century.,ancient statue style characteristics,Kakatiya period statue style and materials analysis,True,0.0,0.0,0.0,0.0,0.0,0.0,0.15384615384615383,0.36363636363636365,0.20979020979020982,0.0,,,0.1111111111111111,0.2857142857142857,0.1746031746031746,0.25,0.5,0.25,0.0,,
87276bdf-9c86-4f36-bb3d-21c42f49d71d,how to water this plant to help it thrive?,missing_final_answer,ok,"<Thought>
The retrieved documents do not provide specific information about the type of plant in the image. We need to identify the plant type to determine its watering needs.
</Thought>
<Sub-Question>
What is the type of plant in the image?
</Sub-Question>
<Search>
Image Retrieval: Identify the plant in the image.
</Search>",": To help the Begonia thrive, water it when the top inch of soil feels dry to the touch, ensure it's in a shaded area, and maintain a humid environment. Regularly monitor for pests and adjust the humidity level as needed.",Identify the type of plant in the image.,Begonias,True,0.0,0.0,0.0,0.0,0.0,0.0,0.23404255319148937,0.2588235294117647,0.024780976220275308,0.0,,,0.2558139534883721,0.3235294117647059,0.0677154582763338,0.21568627450980393,0.21568627450980393,0.0,0.14814814324035988,,
878088c7-21ea-48db-a9f5-508d36a24fdb,what's the ideal temperature for this plant?,missing_final_answer,ok,"<Thought>
The retrieved documents do not provide specific information about the plant in the image. We need to identify the plant species to determine its ideal temperature.
</thought>
<Sub-Question>
What is the name of the plant in the image?
</Sub-Question>
<Search>
Image Retrieval: Identify the plant species in the image.
</Search>",The ideal temperature for the Majestic Palm (Ravenea rivularis) is typically between 10°C to 20°C (50°F to 68°F).,identify the plant in the image,Majestic Palm,True,0.0,0.0,0.0,0.0,0.0,0.0,0.10909090909090909,0.4827586206896552,0.3736677115987461,0.0,,,0.07142857142857142,0.4375,0.3660714285714286,0.23076923076923078,0.5384615384615384,0.30769230769230765,0.1632653022240734,,
87afe4e8-6aa7-4de8-8c1b-46baf84a748e,why did the creators settle on this name instead of the original one?,ok,missing_final_answer,"The creators often choose names for their projects based on various factors such as trademark issues, market competition, and the need to set their project apart from others. For example, in the case of ""SpongeBob SquarePants,"" the creators decided to use the name ""SpongeBob"" to avoid trademark issues and to maintain the character's ""versatility."" In the case of ""Charlie's Angels,"" the creators initially chose the title ""Harry's Angels"" but later changed it to ""Charlie's Angels"" to avoid conflict with another series. In the case of ""Lego,"" the creators agreed to change certain names or spellings to help set the toy-line apart from the Māori legends.","<Thought>
The retrieved documents provide information about different scenarios where names were changed, such as in academic publishing, botanical naming, and business. However, the specific context of the question is not clear, and the documents do not directly address the reason for choosing a name instead of the original one. To provide a precise answer, we need more context about the product or project in question. Since the question is about the reason for choosing a name instead of the original one, and the retrieved documents do not provide a specific answer, we need to search for more information about the product or project in question.
</Thought>
<Sub-Question>
What is the name of the product or project that the creators settled on instead of the original one?
</Sub-Question>
<Search>
Text Retrieval: ""product or project name change reasons""
</Search>",,why did the creators settle on the name Gatorade instead of Gator-Aid,False,0.0,0.0,0.0,0.0,0.0,0.0,0.13675213675213677,0.0979020979020979,-0.03885003885003886,0.0,,,0.08695652173913043,0.059322033898305086,-0.027634487840825346,0.32,0.28,-0.03999999999999998,0.12499999605034737,,
87d6fe32-5e15-4e60-bfa8-311fa32f93b1,in what year was the museum where this statue is exhibited founded?,ok,ok,The Louvre Museum was founded in 1793.,The Metropolitan Museum of Art was founded in 1870.,statue in the image and museum name,The Metropolitan Museum of Art,True,0.0,1.0,1.0,0.0,1.0,1.0,0.5714285714285715,1.0,0.4285714285714285,0.0,,,0.6666666666666666,1.0,0.33333333333333337,0.5,1.0,0.5,0.37499999507812504,,
8af01a26-d534-41ca-98f4-e7392d45aacf,what's the typical blooming period for this plant?,missing_final_answer,ok,"<Thought>
The retrieved documents do not provide specific information about the plant species in the image. I need to identify the plant species from the image itself.
</thought>
<Sub-Question>
What is the species of the plant in the image?
</Sub-Question>
<Search>
Image Retrieval: Identify the plant species in the image.
</Search>","The typical blooming period for this plant, which is a southern magnolia, is from March to May.",,Majestic Palm,False,0.0,0.0,0.0,0.0,0.0,0.0,0.08,0.25,0.16999999999999998,0.0,,,0.04878048780487805,0.2,0.15121951219512197,0.2222222222222222,0.3333333333333333,0.1111111111111111,0.04761904425170092,,
8b35eaba-f0ba-409a-bd92-980d15ff7e71,what is the base price of the premium trim?,generation_error,missing_final_answer,"<Thought>
The retrieved documents do not provide the base price of the premium trim for the car model shown in the image. The car model in the image is not mentioned in the documents. Therefore, we need to search for the base price of the premium trim for the car model shown in the image.
</Thought>
<Sub-Question>
What is the base price of the premium trim for the car model shown in the image?
</Sub-Question>
<Search>
Text Retrieval: base price of the premium trim for the car model shown in the image
</Search>","<Thought>
The retrieved documents do not provide information about the base price of the premium trim for the car model shown in the image. The image shows a white car, but the documents are about different car models. We need to search for the base price of the premium trim for the specific car model shown in the image.
</Thought>
<Sub-Question>
What is the base price of the premium trim for the car model shown in the image?
</Sub-Question>
<Search>
Text Retrieval: ""base price of the premium trim for the car model shown in the image""",base price of the premium trim for the car model shown in the image,base price of the premium trim for the car model shown in the image,True,0.0,0.0,0.0,0.0,0.0,0.0,0.02531645569620253,0.024390243902439025,-0.000926211793763506,0.0,,,0.013513513513513514,0.012987012987012988,-0.0005265005265005264,0.2,0.2,0.0,0.04999999781250009,,
8b8daf42-6b9a-42a0-9f5d-5c6634257c56,what was the most recent project by the artists of this work?,missing_final_answer,missing_final_answer,"<Thought>
The retrieved documents do not provide the name of the mural in the image. We need to find more specific information about the mural in the image.
</Thought>
<Sub-Question>
What is the name of the mural in the image?
</Sub-Question>
<Search>
Text Retrieval: name of the mural in the image
</Search>","<Thought>
The retrieved documents do not provide information about the most recent project by the artists of the mural on the building in the image. I need to find more specific information about the artists and their recent projects.
</Thought>
<Sub-Question>
What are the artists of the mural on the building in the image?
</Sub-Question>
<Search>
Text Retrieval: artists of the mural on the building in the image</Search>",artists of the mural on the building in the image,Jones and Ginzel most recent project,True,0.0,0.0,0.0,0.0,0.0,0.0,0.06451612903225808,0.16,0.09548387096774193,0.0,,,0.04878048780487805,0.1111111111111111,0.062330623306233054,0.09523809523809523,0.2857142857142857,0.19047619047619047,0.03846153364645031,,
8bb479e6-8c83-4536-a41d-accef6883b4f,what is the lifespan of a this tree?,missing_final_answer,ok,"<Thought>
The retrieved documents do not provide specific information about the species of the tree in the image. We need to identify the species of the tree in the image to determine its lifespan.
</thought>
<Sub-Question>
What is the species of the tree in the image?
</Sub-Question>
<Search>
Image Retrieval: ""tree species identification""
</Search>",": The lifespan of a Blue Spruce can vary, but it can live for 600 years or longer in the wild. In the home landscape, it usually stays healthy for about 40 to 60 years, and its lifespan can be shortened by disease and insect pest problems.",species of the tree in the image,Blue spruce,True,0.0,0.0,0.0,0.0,0.0,0.0,0.10714285714285714,0.22222222222222224,0.1150793650793651,0.0,,,0.06818181818181818,0.14285714285714285,0.07467532467532467,0.25,0.5,0.25,0.08333332938368075,,
8c14b692-a1be-48ba-a1ca-c9049bb563b9,what is the name of the mayor of the city where this car is built?,missing_final_answer,missing_final_answer,"<Thought>
The retrieved documents do not provide any specific information about the city where the car is parked. We need to search for the city's name based on the context of the image.
</thought>
<Sub-Question>
What is the name of the city where this car is parked?
</Sub-Question>
<Search>
Text Retrieval: ""car parked in the image at night""
</Search>","<Thought>
Since the car is a Cadillac Escalade, and the documents do not provide the city where it is built, we need to identify the city from the surroundings or any visible text in the image. The image does not provide any clear text or additional context to determine the city.
</Thought>
<Sub-Question>
What is the name of the city where this car is parked?
</Sub-Question>
<Search>
No Retrieval.",car parked on a street at night with city name,Cadillac Escalade,True,0.0,0.0,0.0,0.0,0.0,0.0,0.12903225806451613,0.2,0.07096774193548389,0.0,,,0.08,0.1206896551724138,0.0406896551724138,0.3333333333333333,0.5833333333333334,0.25000000000000006,0.14545454204297528,,
8c50b94d-6fe8-4dd6-b3b9-975ea1ce6fb0,what is the horsepower of this truck?,ok,ok,"The image does not provide enough detail to identify the make and model of the truck, and therefore, the horsepower cannot be determined.",The horsepower of the truck in the image is 430.,identify the make and model of the truck in the image,Ram 2500,True,0.0,0.0,0.0,0.0,0.0,0.0,0.16,0.30769230769230765,0.14769230769230765,0.0,,,0.10526315789473684,0.2857142857142857,0.18045112781954886,0.3333333333333333,0.3333333333333333,0.0,0.14285713877551035,,
8c56271f-3820-4c63-89b7-f81ee38b3ac3,how will the efficacy of these products be affected if i mix them?,missing_final_answer,missing_final_answer,"<Thought>
The retrieved documents provide information about various ingredients and their uses in cosmetics and sunscreens. However, the specific ingredients and instructions for the sunscreen products and the small bottle in the image are not mentioned. We need more specific information about the products to answer the question about the efficacy of mixing them.
</Thought>
<Sub-Question>
What are the specific ingredients and instructions for the sunscreen products and the small bottle in the image?
</Sub-Question>
<Search>
Text Retrieval: specific ingredients and instructions for the sunscreen products and the small bottle in the image
</Search>","<Thought>
The retrieved documents indicate that benzoyl peroxide, a common ingredient in acne treatments, can cause skin irritation and dryness when used topically. Mixing different products containing benzoyl peroxide may increase the risk of these adverse effects. It is recommended to use only one topical acne medication at a time to avoid potential adverse effects.
</Thought>
<Sub-Question>
What are the potential adverse effects of using multiple topical acne medications containing benzoyl peroxide at the same time?
</Sub-Question>
<Search>
Text Retrieval: potential adverse effects of using multiple topical acne medications containing benzoyl peroxide at the same time</Search>",sunscreen ingredients and instructions,sunscreen products ingredients and instructions,True,0.0,0.0,0.0,0.0,0.0,0.0,0.06315789473684211,0.05714285714285714,-0.006015037593984966,0.0,,,0.0379746835443038,0.033707865168539325,-0.004266818375764474,0.1875,0.1875,0.0,0.06349205970269611,,
8cc45d9a-8d38-4e43-bfb5-17158385ed20,what hybrid drivetrains is this car available in?,missing_final_answer,ok,"<Thought>
The retrieved documents do not provide information about the car model or its hybrid drivetrain options. I need to search for the car model and its hybrid drivetrain options.
</thought>
<Sub-Question>
What is the make and model of the car in the image?
</Sub-Question>
<Search>
Text Retrieval: car identification from image
</Search>",": The Honda CR-V is available in the following hybrid drivetrain options: 2.0-litre petrol with e:HEV/Hybrid power-split hybrid, 2.0-litre petrol with e:PHEV plug-in hybrid, and e:FCEV plug-in hybrid fuel cell.",white car in the image with hybrid drivetrain options,Honda CR-V 6th Generation hybrid drivetrains,True,0.0,0.0,0.0,0.0,0.0,0.0,0.17647058823529413,0.6250000000000001,0.44852941176470595,0.0,,,0.1276595744680851,0.5555555555555556,0.4278959810874705,0.2857142857142857,0.7142857142857143,0.4285714285714286,0.1379310300772891,,
8dfccc0f-de80-4182-a677-904f22a5a4c4,what company first manufactured these?,missing_final_answer,ok,"<Thought>
The retrieved documents do not provide specific information about the model of the telescopic boom lift in the image. We need to focus on the model of the telescopic boom lift to find the manufacturer.
</Thought>
<Sub-Question>
What is the model of the telescopic boom lift in the image?
</Sub-Question>
<Search>
Text Retrieval: model of the telescopic boom lift in the image
</Search>",The company that first manufactured the Genie S-125 telescopic boom lift is Genie.,telescopic boom lift model identification,Sambron,True,0.0,0.0,0.0,0.0,0.0,0.0,0.12121212121212123,0.4,0.2787878787878788,0.0,,,0.07692307692307693,0.45454545454545453,0.3776223776223776,0.2857142857142857,0.35714285714285715,0.07142857142857145,0.15999999580000013,,
8f74a4c3-4028-46c4-ba37-c056f75227f3,is this dish safe to eat if i have a peanut allergy?,missing_final_answer,missing_final_answer,"<Thought>
Since the menu does not explicitly mention any dishes that contain peanuts or peanut-based ingredients, it is best to ask the server or the restaurant staff for clarification to ensure the dish is safe for someone with a peanut allergy.
</Thought>
<Sub-Question>
Is there any dish on the menu that contains peanuts or peanut-based ingredients?
</Sub-Question>
<Search>
No Retrieval.
</Search>","<Thought>
Based on the retrieved documents, there are peanut-free versions of Pad Thai available. It is important to check with the restaurant or the chef to ensure that the dish is prepared without peanuts or peanut-based ingredients. The documents also mention that Pad Thai can be made without peanuts or soy, and it can be made for vegetarians or pescatarians. It is recommended to ask the restaurant if they have a peanut-free version of Pad Thai available.
</Thought>
<Sub-Question>
Is there a peanut-free version of Pad Thai available at this restaurant?
</Sub-Question>
<Search>
Text Retrieval: peanut-free pad thai at this restaurant</Search>",peanut allergy menu items,pad thai peanut allergy,True,0.0,0.0,0.0,0.0,0.0,0.0,0.08955223880597014,0.0761904761904762,-0.013361762615493947,0.0,,,0.05454545454545454,0.043010752688172046,-0.011534701857282496,0.25,0.3333333333333333,0.08333333333333331,0.13333332975555565,,
9144bd09-8998-41c3-ae6e-b02969580256,how often does this plant need to be repotted?,missing_final_answer,ok,"<Thought>
The retrieved documents do not provide specific information about the type of plant in the image. We need to identify the plant type to determine its repotting frequency.
</thought>
<Sub-Question>
What is the type of plant being held in the image?
</Sub-Question>
<Search>
Image Retrieval: ""plant in the image""
</Search>",The Chinese evergreen plant should be repotted no more than once every two to three years.,identify the type of plant in the image,Chinese evergreen,True,0.0,0.0,0.0,0.0,0.0,0.0,0.16438356164383564,0.5,0.3356164383561644,0.0,,,0.13636363636363635,0.7333333333333333,0.5969696969696969,0.20689655172413793,0.3793103448275862,0.17241379310344826,0.15151514662993587,,
922d4897-08ad-4b28-9b53-664fffe9bb0f,what is the nearest city of the state park that shares this plant's name?,missing_final_answer,ok,"<Thought>
The retrieved documents do not provide specific information about the plant in the image. I need to identify the plant by comparing it with a database or expert knowledge.
</Thought>
<Sub-Question>
What is the name of the plant in the image?
</Sub-Question>
<Search>
Text Retrieval: plant identification of the plant in the image.
</Search>","The nearest state park that shares the name ""Sabal minor"" is Natural Falls State Park, located in Oklahoma.",,Palmetto,False,0.0,0.0,0.0,0.0,0.0,0.0,0.13114754098360656,0.5625,0.4313524590163934,0.0,,,0.08888888888888889,0.5625,0.4736111111111111,0.25,0.5625,0.3125,0.0727272687603308,,
931c7329-60fc-43e0-8552-559646e51c6f,is the word for this derived from latin?,ok,ok,"Yes, the word ""serpent"" is derived from Latin.","The word for a bird bath with a snake-like design, such as the one in the image, is derived from Latin.",bird bath snake design word,bird bath fountain design word origin,True,0.0,0.0,0.0,0.0,0.0,0.0,0.631578947368421,0.35714285714285715,-0.27443609022556387,0.0,,,0.8571428571428571,0.3125,-0.5446428571428571,0.5,0.4166666666666667,-0.08333333333333331,0.476190471473923,,
934c8d8c-fa71-4009-acc8-4aede2856898,what's the tallest building on that island?,ok,missing_final_answer,"The tallest building on the island in the image is the One World Trade Center, which is 1,776 feet (541 m) tall.","<Thought>
The retrieved documents do not provide the name of the island in the image. I need to search for the name of the island in the image.
</Thought>
<Sub-Question>
What is the name of the island in the image?
</Sub-Question>
<Search>
Text Retrieval: ""name of the island in the image""",name of the island in the image,Manhattan,True,0.0,0.0,0.0,0.0,0.0,0.0,0.4444444444444444,0.14035087719298245,-0.30409356725146197,1.0,,,0.4444444444444444,0.10256410256410256,-0.3418803418803419,0.4444444444444444,0.2222222222222222,-0.2222222222222222,0.22222221723765442,,
9484bfa0-8780-4aa1-8bee-56558bd6e3e6,how much taller is this than the last iteration?,ok,missing_final_answer,The current image does not provide enough information to determine how much taller the cathedral is compared to the last iteration.,"<Thought>
The retrieved documents provide information about the historical height of Trinity Church, which was 86 meters (281 feet) tall when it was completed in 1846. However, the current height of Trinity Church is not mentioned in the documents. To find the current height, we need to search for more recent information.
</Thought>
<Sub-Question>
What is the current height of Trinity Church?
</Sub-Question>
<Search>
Text Retrieval: ""current height of Trinity Church""",height of the structure in the current image,Trinity Church height comparison,True,0.0,0.0,0.0,0.0,0.0,0.0,0.19999999999999998,0.2528735632183908,0.05287356321839079,0.0,,,0.2222222222222222,0.16923076923076924,-0.05299145299145297,0.18181818181818182,0.5,0.3181818181818182,0.15789473184210542,,
9493acde-d6b9-4582-a388-84612a5f4b23,does bank of america hold more assets than these guys?,missing_final_answer,ok,"<Thought>
The retrieved documents provide information about Bank of America's assets and rankings, but they do not directly compare Bank of America's assets with those of other financial institutions. To answer the question, we need to find a comparison of Bank of America's assets with other financial institutions.
</Thought>
<Sub-Question>
Does Bank of America hold more assets than other financial institutions?
</Sub-Question>
<Search>
Text Retrieval: Bank of America assets compared to other financial institutions
</Search>","Yes, Bank of America holds more assets than Wells Fargo, which is one of the ""big four"" U.S. banks.",Bank of America assets compared to other financial institutions,Bank of America assets compared to J.P. Morgan,True,0.0,0.0,0.0,0.0,0.0,0.0,0.13636363636363638,0.411764705882353,0.27540106951871657,0.0,,,0.08333333333333333,0.3888888888888889,0.3055555555555556,0.375,0.4375,0.0625,0.12307691921420132,,
94d0455d-044d-4f52-937b-528797e9a6c6,"for the 2016 hybrid version of this car, which trim has better mileage, the ex-l or touring?",missing_final_answer,missing_final_answer,"<Thought>
The retrieved documents do not provide information about the model of the car in the image. We need to focus on the model of the car in the image, which appears to be a Honda HR-V based on the context of the question and the image.
</Thought>
<Sub-Question>
What is the model of the car in the image?
</Sub-Question>
<Search>
Text Retrieval: ""model of the car in the image""
</Search>","<Thought>
The image shows a Honda vehicle, but it does not specify the model or year. To answer the question about the 2016 hybrid version's mileage for the EX-L and Touring trims, we need to know the specific model of the car in the image.
</Thought>
<Sub-Question>
What is the model of the car in the image?
</Sub-Question>
<Search>
Text Retrieval: ""2016 Honda Accord</Search>",2016 hybrid Honda model,2016 Honda Accord,True,0.0,0.0,0.0,0.0,0.0,0.0,0.05333333333333334,0.19444444444444445,0.1411111111111111,0.0,,,0.03636363636363636,0.1346153846153846,0.09825174825174825,0.1,0.35,0.24999999999999997,0.0645161247814779,,
95c8427a-717e-4f54-9eba-ea2b1dbd2ea2,how many left?,ok,ok,There are 36 questions left in the quizlet.,There are 36 questions left in the Quizlet page.,,how many questions are left in the quizlet 36,False,0.0,0.0,0.0,0.0,0.0,0.0,0.3,0.2857142857142857,-0.01428571428571429,1.0,,,0.42857142857142855,0.375,-0.05357142857142855,0.23076923076923078,0.23076923076923078,0.0,0.2727272680991736,,
97bc4d6a-7c7d-4052-b4ae-32fd2c99d61e,when was the manufacturor of this car founded?,missing_final_answer,ok,"<Thought>
The retrieved documents do not provide the make and model of the car in the image. I need to identify the car first to determine its manufacturer and founding date.
</thought>
<Sub-Question>
What is the make and model of the car in the image?
</Sub-Question>
<Search>
Image Retrieval: ""car identification from image""
</Search>","The manufacturer of the Honda CR-V, Honda, was founded on November 17, 1906.",car model and manufacturer of the car in the image,Honda CR-V 6th Generation hybrid drivetrains,True,0.0,0.0,0.0,0.0,0.0,0.0,0.07142857142857142,0.5714285714285713,0.4999999999999999,0.0,,,0.043478260869565216,0.5454545454545454,0.5019762845849802,0.2,0.6,0.39999999999999997,0.11999999656800012,,
98f45972-6551-43de-9c0e-5fdae119270e,how many campuses does this university have?,missing_final_answer,missing_final_answer,"<Thought>
The retrieved documents provide information about the main campus of Georgia Tech, which is located in Midtown Atlanta. However, they do not explicitly state the number of campuses for Georgia Tech. To answer the original question, we need to search for the number of campuses for Georgia Tech.
</Thought>
<Sub-Question>
How many campuses does Georgia Tech have?
</Sub-Question>
<Search>
Text Retrieval: number of campuses for Georgia Tech
</Search>","<Thought>
The retrieved documents provide information about the size of the Stanford University campus, which is 8,180 acres. However, they do not explicitly state the number of campuses. To answer the question, we need to search for the university's official website or a reliable source that provides this information.
</Thought>
<Sub-Question>
How many campuses does Stanford University have?
</Sub-Question>
<Search>
Text Retrieval: ""Stanford University campuses""",number of campuses for the university mentioned in the image,number of campuses,True,0.0,0.0,0.0,0.0,0.0,0.0,0.029411764705882353,0.06451612903225806,0.03510436432637571,0.0,,,0.015625,0.034482758620689655,0.018857758620689655,0.25,0.5,0.25,0.07547169640441441,,
991cabca-e0a8-498e-9dc7-8fbea9287a08,why was this building widely praised for it's architecture when it was completed?,ok,ok,"The Escalier Daru is widely praised for its architecture due to its grandeur and historical significance. It is one of the largest and most iconic interior spaces of the Louvre Palace and Museum. The architectural features that contributed to its widespread praise include its ornate decorations, grand staircase, and the presence of the Victoire de Samothrace sculpture. The staircase was designed to impress visitors and is a testament to the architectural prowess of the time.","The Barclay-Vesey Building was widely praised for its architecture when it was completed due to its design scheme, symbolism, and ornamental program. The building's ornamental program was considered straightforward and appropriate, and the lobby was praised for its rich decoration. The building was also seen as a symbol of service and progress, and it received awards for its design. The building's Art Deco style, with its bold and lavish ornaments, was also a significant factor in its praise.",building with ornate ceiling paintings and intricate railings,Barclay-Vesey Building architecture praised when completed,True,0.0,0.0,0.0,0.0,0.0,0.0,0.09302325581395349,0.2173913043478261,0.12436804853387262,0.0,,,0.06153846153846154,0.14084507042253522,0.07930660888407368,0.19047619047619047,0.47619047619047616,0.2857142857142857,0.13888888487654333,,
9928baff-4589-493c-bc38-7ab17393d98f,what do the first four words say in english?,ok,missing_final_answer,"The first four words in the text ""Von Weilheim nach Hamburg: Die folgenden vier Bands kommen von dort, aber nur eine hatte mit 'Verstärker' einen großen Hit. Welche?"" in English are ""Von Weilheim nach Hamburg"".","<Thought>
The first four words in the text on the image are ""Von Weilheim nach Hamburg"".
</Thought>
<Sub-Question>
What are the first four words in the text on the image?
</Sub-Question>
<Search>
No Retrieval.","Von Weilheim nach Hamburg: Die folgenden vier Bands kommen von dort, aber nur eine hatte mit 'Verstärker' einen großen Hit. Welche?",Von Weilheim nach Hamburg,True,0.0,0.0,0.0,0.0,0.0,0.0,0.391304347826087,0.3414634146341463,-0.04984093319194066,0.0,,,0.2727272727272727,0.25,-0.022727272727272707,0.6923076923076923,0.5384615384615384,-0.15384615384615385,0.1904761866099774,,
9a39e0e6-3625-47f9-b1c7-c213f7eda2e8,where can i buy this?,missing_final_answer,ok,"<Thought>
The retrieved documents are not relevant to the question about where to buy Fusion Energy drinks. The documents are related to nuclear fusion, energy storage, and energy density, which are not relevant to the question. We need to search for the name of the store or the location of the store that sells Fusion Energy drinks.
</Thought>
<Sub-Question>
What is the name of the store that sells Fusion Energy drinks?
</Sub-Question>
<Search>
Text Retrieval: Fusion Energy store name
</Search>","The Fusion Energy drinks are being advertised in front of a store, but the name of the store is not provided in the image. You can visit the store to purchase the Fusion Energy drinks.",,where to buy 7-Select Fusion Energy drink,False,0.0,0.0,0.0,0.0,0.0,0.0,0.07317073170731707,0.15,0.07682926829268293,0.0,,,0.04285714285714286,0.10714285714285714,0.06428571428571428,0.25,0.25,0.0,0.10344827238406672,,
9a6b08ed-2a13-4f88-840d-d72f08b77aff,what's the typical blooming period for this plant?,generation_error,ok,"<Thought>
The retrieved documents do not provide specific information about the blooming period of the plant in the image. The plant in the image has green leaves and red berries, which could be a gooseberry plant. However, the documents do not confirm this identification. I need to identify the plant species first to determine its blooming period.
</Thought>
<Sub-Question>
What is the species of the plant in the image?
</Sub-Question>
<Search>
Text Retrieval: plant identification with green leaves and red berries
</Search>",The blooming period for Nandina domestica (Heavenly Bamboo) is typically in late spring.,,Nandina domestica,False,0.0,0.0,0.0,0.0,0.0,0.0,0.025974025974025972,0.4210526315789474,0.3950786056049214,0.0,,,0.014285714285714285,0.3333333333333333,0.319047619047619,0.14285714285714285,0.5714285714285714,0.42857142857142855,0.03389830299339284,,
9d7ef178-6d93-4817-aa81-d7cd21fd346d,which country is the leader in the production of this fruit?,missing_final_answer,ok,"<Thought>
The retrieved documents do not provide information about the specific fruit in question. The question asks for the country leading in the production of a specific fruit, but the image shows bananas and mangoes, and the question does not specify which one. Therefore, we need to determine the fruit in question.
</Thought>
<Sub-Question>
What fruit is being referred to in the question?
</Sub-Question>
<Search>
Text Retrieval: ""which fruit is being referred to in the question""
</Search>",The country that is the leader in the production of mangoes is India.,which country is the leader in the production of this fruit,which country is the leader in the production of mango,True,0.0,0.0,0.0,0.0,0.0,0.0,0.08333333333333334,0.625,0.5416666666666666,0.0,,,0.045454545454545456,0.5,0.45454545454545453,0.5,0.8333333333333334,0.33333333333333337,0.1379310323602854,,
9dc8f548-4b92-4b65-92e4-f328baca30bc,what is this car named after?,missing_final_answer,ok,"<Thought>
The retrieved documents do not provide specific information about the make and model of the car in the image. I need to identify the car in the image to determine its name.
</thought>
<Sub-Question>
What is the make and model of the car in the image?
</Sub-Question>
<Search>
Image Retrieval: car identification from image
</Search>","The car in the image is a Honda CR-V, named after the Honda CR-V, which is a popular compact crossover SUV.",white car parked on a residential street,Honda CR-V 6th Generation hybrid drivetrains,True,0.0,0.0,0.0,0.0,0.0,0.0,0,0.19999999999999998,0.19999999999999998,0.0,,,0,0.1875,0.1875,0,0.21428571428571427,0.21428571428571427,0.03921568229142678,,
9e97f95f-1761-4d48-9ef8-9e64f3b90a25,what generation of these are we on now?,ok,ok,The generation of the device in the image is the second generation of AirPods.,The AirPods case in the image is likely associated with the third generation of AirPods.,white Apple AirPods case model,Apple AirPods generation,True,0.0,0.0,0.0,0.0,0.0,0.0,0.11111111111111112,0.1,-0.011111111111111113,0.0,,,0.1,0.08333333333333333,-0.016666666666666677,0.125,0.125,0.0,0.1052631529085875,,
9fdd97c5-0bc3-47ee-a009-a80a92b64574,is it vegetarian?,missing_final_answer,ok,"<Thought>
Based on the retrieved information, sushi is a dish made with vinegared rice. While raw fish is one traditional sushi ingredient, many sushi dishes contain seafood that has been cooked, and others have no seafood at all. Therefore, we cannot determine if the Sashimi Deluxe is vegetarian or not without more specific information about its ingredients.
</Thought>
<Sub-Question>
Is the Sashimi Deluxe vegetarian?
</Sub-Question>
<Search>
Text Retrieval: Sashimi Deluxe ingredients
</Search>","Yes, the menu has vegetarian options such as the ""House Salad"" and ""Seaweed Salad.""",vegetarian options on sushi menu,Sushi Regular ingredients vegetarian,True,0.0,0.0,0.0,0.0,0.0,0.0,0.19999999999999998,0.11764705882352942,-0.08235294117647056,0.0,,,0.1323529411764706,0.16666666666666666,0.03431372549019607,0.4090909090909091,0.09090909090909091,-0.31818181818181823,0.12987012642941484,,
a1e61f6c-abcc-40af-9aec-52351e5cdcb0,of which country is this flower the national flower?,missing_final_answer,missing_final_answer,"<Thought>
The retrieved documents do not provide specific information about the flower in the image. I need to identify the flower in the image to determine which country it represents as the national flower.
</Thought>
<Sub-Question>
What is the flower in the image?
</Sub-Question>
<Search>
Image Retrieval: Identify the flower in the image.
</Search>","<Thought>
The image shows a bouquet of red roses and white flowers. Red roses are often associated with love and are a popular flower in many countries. However, to determine the national flower of the country where the red rose is from, I need to identify the specific flower in the image and then find out which country it represents as the national flower.
</Thought>
<Sub-Question>
What is the national flower of the country where the red rose is from?
</Sub-Question>
<Search>
No Retrieval.
</Search>",,rose,False,0.0,0.0,0.0,0.0,0.0,0.0,0.11111111111111109,0.12048192771084336,0.009370816599732268,0.0,,,0.06818181818181818,0.0684931506849315,0.0003113325031133263,0.3,0.5,0.2,0.13043477920604923,,
a24c1367-fa67-42c4-a3c4-b848f559c1d6,why is this place called that?,missing_final_answer,ok,"<Thought>
The retrieved documents do not provide the name of the restaurant in the image. We need to search for the name of the restaurant to find out why it is called that.
</Thought>
<Sub-Question>
What is the name of the restaurant shown in the image?
</Sub-Question>
<Search>
Text Retrieval: name of the restaurant in the image
</Search>","The restaurant is called ""Raising Cane's"" in honor of the founder's beloved Labrador Retriever, Todd Graves' dog.",name of the restaurant with neon sign 'SH' and hamburger icon,Raising Cane's,True,0.0,0.0,0.0,0.0,0.0,0.0,0.06896551724137931,0.3846153846153846,0.31564986737400524,0.0,,,0.0425531914893617,0.3333333333333333,0.2907801418439716,0.18181818181818182,0.45454545454545453,0.2727272727272727,0.12765957066545958,,
a26b875a-ca7b-467c-8229-763882fa6996,what is the ideal soil ph range for growing this plant?,missing_final_answer,missing_final_answer,"<Thought>
The retrieved documents do not provide specific information about the plant species in the image. I need to identify the plant species from the image itself.
</thought>
<Sub-Question>
What is the specific plant species shown in the image?
</Sub-Question>
<Search>
Image Retrieval: plant identification from the image
</Search>","<Thought>
The retrieved documents provide information on the ideal soil pH range for various plants, including rhododendrons, myrtle, and blueberries. However, they do not specifically mention the ideal soil pH range for Schefflera arboricola. I need to search for more specific information on the plant's requirements.
</Thought>
<Sub-Question>
What is the ideal soil pH range for growing Schefflera arboricola?
</Sub-Question>
<Search>
Text Retrieval: ideal soil pH range for growing Schefflera arboricola</Search>",ideal soil pH range for growing iris plants,Schefflera,True,0.0,0.0,0.0,0.0,0.0,0.0,0.1090909090909091,0.225,0.1159090909090909,0.0,,,0.07317073170731707,0.13636363636363635,0.06319290465631928,0.21428571428571427,0.6428571428571429,0.4285714285714286,0.16666666236979177,,
a2946645-9cd5-422f-8fef-c09d13906c93,where are these birds native?,generation_error,missing_final_answer,"<Thought>
The retrieved documents do not provide specific information about the species of the birds in the image. However, based on the image, the birds appear to be parakeets or budgerigars, which are commonly found in various parts of the world, including Asia, Africa, and Australia. To determine their native habitat, I need to identify the species of the birds in the image.
</Thought>
<Sub-Question>
What are the species of the birds in the image?
</Sub-Question>
<Search>
Text Retrieval: Identify the species of the birds in the image.
</Search>","<Thought>
The retrieved document does not provide information about the birds in the image. I need to search for the species of the birds in the image to determine their native habitat.
</thought>
<Sub-Question>
What are the species of the birds in the image?
</Sub-Question>
<Search>
Image Retrieval: A group of colorful birds in a zoo enclosure.
</Search>",,Budgerigar,False,0.0,0.0,0.0,0.0,0.0,0.0,0.10256410256410256,0.11538461538461536,0.012820512820512803,0.0,,,0.0547945205479452,0.06382978723404255,0.009035266686097346,0.8,0.6,-0.20000000000000007,0.12903225631633716,,
a2b3cb7e-0b83-4beb-955c-0ea7724b0300,what is the population of this animal in the world?,missing_final_answer,missing_final_answer,"<Thought>
The retrieved documents do not provide specific population data for the domestic cat (Felis catus) in the world. We need to find more specific and recent data to answer the question.
</Thought>
<Sub-Question>
What is the most recent and specific population data for the domestic cat (Felis catus) in the world?
</Sub-Question>
<Search>
Text Retrieval: ""most recent and specific population data for the domestic cat (Felis catus) in the world""
</Search>","<Thought>
The retrieved document provides information about the global cat population, stating that there were 6 million more domestic cats than pet dogs in Russia in 2019. However, it does not provide a specific global population number. To get the exact population of domestic cats in the world, we need to search for more specific data.
</Thought>
<Sub-Question>
What is the exact global population of domestic cats in the world?
</Sub-Question>
<Search>
Text Retrieval: ""exact global population of domestic cats""",species of the cat in the image,Cats,True,0.0,0.0,0.0,0.0,0.0,0.0,0.05633802816901408,0.12345679012345677,0.06711876195444269,0.0,,,0.031746031746031744,0.0684931506849315,0.03674711893889976,0.25,0.625,0.375,0.12244897659308628,,
a2ecf15b-1ebd-45c8-8815-a3038c980f14,who made the first version of this?,missing_final_answer,missing_final_answer,"<Thought>
The retrieved documents provide information about the first version of the Manhattan cocktail. The Manhattan cocktail was invented in the 1860s by a bartender named Black at a bar on Broadway near Houston Street. The original ""Manhattan cocktail"" was a mix of ""American Whiskey, Italian Vermouth, and Angostura bitters."" The information provided gives us a good understanding of the first version of the Manhattan cocktail.
</Thought>
<Sub-Question>
Who made the first version of the Manhattan cocktail?
</Sub-Question>
<Search>
Text Retrieval: first version of the Manhattan cocktail
</Search>","<Thought>
The retrieved documents do not provide information about the first version of a straw or a similar object. The documents are about boba tea, coconut trees, Starbucks, and combination eating utensils. Since the image does not provide enough context to determine what ""this"" refers to, we need to ask for clarification on the input question.
</Thought>
<Sub-Question>
What does ""this"" refer to in the context of the input question?
</Sub-Question>
<Search>
Text Retrieval: ""first version of straws""","this"" in the context of ""who made the first version of this?",first version of straws,True,0.0,0.0,0.0,0.0,0.0,0.0,0.10416666666666667,0.15053763440860216,0.046370967741935484,0.0,,,0.06944444444444445,0.10144927536231885,0.0320048309178744,0.20833333333333334,0.2916666666666667,0.08333333333333334,0.12658227435346914,,
a3bc322f-eb73-4302-95cd-c4a0e935c989,what is the curb weight of the red sedan?,generation_error,ok,"<Thought>
The retrieved documents do not provide specific information about the curb weight of the red sedan. The documents are mostly about the curb weight of different vehicles, but none of them mention the red sedan. Therefore, we need to search for more specific information about the red sedan.
</Thought>
<Sub-Question>
What is the curb weight of the red sedan?
</Sub-Question>
<Search>
Text Retrieval: curb weight of red sedan
</Search>","The curb weight of the red sedan in the image is between 3,174 lbs and 3,877 lbs, depending on the year and trim.",curb weight of the red sedan,curb weight of Pontiac G6,True,0.0,0.0,0.0,0.0,0.0,0.0,0.11594202898550726,0.2962962962962963,0.18035426731078902,0.0,,,0.06557377049180328,0.21052631578947367,0.14495254529767038,0.5,0.5,0.0,0.15999999704800005,,
a3fe0e8a-ebf5-451b-bff7-c2d179177850,in what year did production for this first start?,missing_final_answer,ok,"<Thought>
The retrieved documents do not provide the specific production start year for the Hyundai Tiburon. I need to find more specific information about the Hyundai Tiburon's production start year.
</Thought>
<Sub-Question>
What is the production start year for the Hyundai Tiburon?
</Sub-Question>
<Search>
Text Retrieval: Hyundai Tiburon production start year
</Search>",The production for the Hyundai Tiburon first started in 1997.,Hyundai car model identification,Tiburon,True,0.0,0.0,0.0,0.0,0.0,0.0,0.07547169811320756,0.5333333333333333,0.4578616352201258,0.0,,,0.043478260869565216,0.5,0.4565217391304348,0.2857142857142857,0.5714285714285714,0.2857142857142857,0.04999999711250017,,
a4adb109-0feb-40de-b9ac-97ecb81568a2,in which city did the person who made the first public demonstration with that controlling a computer system die?,missing_final_answer,missing_final_answer,"<Thought>
The retrieved documents do not provide information about the person who made the first public demonstration with a controlling computer system. We need to search for more specific information.
</Thought>
<Sub-Question>
Who was the person who made the first public demonstration with a controlling computer system?
</Sub-Question>
<Search>
Text Retrieval: first public demonstration with a controlling computer system
</Search>","<Thought>
The retrieved documents do not provide information about the person who made the first public demonstration with a computer system. I need to search for more specific information.
</Thought>
<Sub-Question>
in which city did John Vliet Lindsay die?
</Sub-Question>
<Search>
Text Retrieval: John Vliet Lindsay died city</Search>",person who made the first public demonstration with a computer system died in which city,Douglas Engelbart died city,True,0.0,0.0,0.0,0.0,0.0,0.0,0.1791044776119403,0.23728813559322037,0.058183657981280085,0.0,,,0.11538461538461539,0.1590909090909091,0.0437062937062937,0.4,0.4666666666666667,0.06666666666666665,0.29090908663801657,,
a4f3f35f-38bf-463f-b1ba-c96bbdf7d1c5,what's special about these spiders?,ok,ok,"Jumping spiders are known for their characteristic cephalothorax shape, eight eyes (with two very prominent), excellent vision, and their ability to jump. They are often smaller than the posterior lateral eyes and may have special colorations or tufts of bristles on their legs, which are most often found on the males of the species. Jumping spiders are also known to be responsive to sex pheromones produced by females.","The spider shown in the image is Nephila inaurata, also known as the Red-legged nephila. This species is known for its large size and distinctive red legs, which are characteristic features. It is also known as the Red-legged Golden Orb-web Spider.",spider species identification from the image,Nephila inaurata,True,0.0,0.0,0.0,0.0,0.0,0.0,0.2201834862385321,0.24691358024691357,0.026730094008381472,0.0,,,0.18461538461538463,0.2702702702702703,0.08565488565488566,0.2727272727272727,0.22727272727272727,-0.04545454545454544,0.17977527600555498,,
a5501e9c-e488-4cf4-841b-79647cac8a57,how many seats does this car have?,ok,missing_final_answer,The number of seats in the car cannot be determined from the given image.,"<Thought>
Since the image does not provide a clear view of the car's interior or any identifying features that would allow us to determine the model, it's not possible to answer the question about the number of seats from this image alone. We would need additional information or a clearer view of the car's interior to answer the question accurately.
</Thought>
<Sub-Question>
What is the model of this car?
</Sub-Question>
<Search>
No Retrieval.
</Search>",,Durango,False,0.0,0.0,0.0,0.0,0.0,0.0,0.16666666666666669,0.07792207792207792,-0.08874458874458876,0.0,,,0.18181818181818182,0.046875,-0.13494318181818182,0.15384615384615385,0.23076923076923078,0.07692307692307693,0.14814814315500704,,
a5ad3c59-c386-411b-94f4-97f3189eda24,is this company's newton automatic 40mm green pilot watch visible in the dark?,missing_final_answer,ok,"<Thought>
The retrieved documents do not provide specific information about the company's newton automatic 40mm green pilot watch. We need to search for more specific information about the watch.
</Thought>
<Sub-Question>
Is the company's newton automatic 40mm green pilot watch visible in the dark?
</Sub-Question>
<Search>
Text Retrieval: newton automatic 40mm green pilot watch visible in the dark
</Search>","The company's newton automatic 40mm green pilot watch is visible in the dark due to the use of the latest luminous material SuperLumiNova BG W9, which illuminates the dial with a blue glow in the dark.",company's newton automatic 40mm green pilot watch visible in the dark,Davosa Newton Automatic 40mm Green Pilot Watch visible in the dark,True,0.0,0.0,0.0,0.0,0.0,0.0,0.28169014084507044,0.5531914893617021,0.2715013485166317,0.0,,,0.18867924528301888,0.4482758620689655,0.25959661678594664,0.5555555555555556,0.7222222222222222,0.16666666666666663,0.3272727227504133,,
a5b902b6-32b8-4b02-9711-52ee1856cb89,when was the technique which determined the exact crystal structure of this developed?,missing_final_answer,ok,"<Thought>
The documents provide information about the development of X-ray crystallography. The technique was developed in the early 20th century, with the first X-ray diffraction patterns being observed in 1912 by Max von Laue. The technique was further developed and refined over the years, leading to the development of more advanced methods such as neutron diffraction and synchrotron radiation crystallography. The technique has been fundamental in the development of many scientific fields, including the determination of the exact crystal structure of materials.
</Thought>
<Sub-Question>
when was the technique which determined the exact crystal structure of this developed?
</Sub-Question>
<Search>
Text Retrieval: X-ray crystallography developed
</Search>",": The technique which determined the exact crystal structure of bismuth subsalicylate, the active ingredient in Pepto-Bismol, was developed after 120 years using advanced electron crystallography techniques.",technique for determining exact crystal structure,electron crystallography developed,True,0.0,0.0,0.0,0.0,0.0,0.0,0.18691588785046728,0.6153846153846153,0.428468727534148,0.0,,,0.10989010989010989,0.5217391304347826,0.4118490205446727,0.625,0.75,0.125,0.23529411444705886,,
a5f78985-9afd-4a54-9c39-b9e815d2701c,can you read the channel name?,ok,ok,"The channel name is ""2abc"".","The channel name is ""2abc"".",channel name on the right side of the television screen in the image,WBAY-TV Channel 2,True,0.0,0.0,0.0,0.0,0.0,0.0,0.28571428571428575,0.28571428571428575,0.0,0.0,,,0.25,0.25,0.0,0.3333333333333333,0.3333333333333333,0.0,0.24999999531250006,,
a6137f78-1aa8-42f3-8017-95f6e1be6578,in what place by population is the city where this car was first introduced?,missing_final_answer,missing_final_answer,"<Thought>
The retrieved documents provide information about car models, but none of them match the car in the image. The car in the image is yellow and appears to be a compact car, but the specific model is not clear from the documents. We need to identify the car model and its place of origin to determine the city where it was first introduced and its population rank.
</Thought>
<Sub-Question>
What is the make and model of the car in the image?
</Sub-Question>
<Search>
Image Retrieval: car model identification from image
</Search>","<Thought>
The Chevrolet Bolt EUV was first introduced in August 2021. To find the place by population where the city where this car was first introduced is located, we need to identify the city where the Chevrolet Bolt EUV was first introduced.
</thought>
<Sub-Question>
In which city was the Chevrolet Bolt EUV first introduced in August 2021?
</Sub-Question>
<Search>
Text Retrieval: ""Chevrolet Bolt EUV introduction date""",yellow car make and model,Durango,True,0.0,0.0,0.0,0.0,0.0,0.0,0.12121212121212122,0.15,0.02878787878787878,0.0,,,0.0759493670886076,0.1,0.02405063291139241,0.3,0.3,0.0,0.10126581876622352,,
a6147098-f4ed-47a2-82f8-bd653bd355ad,do you know who came up with the world's first mass-produced this one?,ok,ok,"Henry Ford is known for developing the assembly line, which revolutionized manufacturing and made mass production possible. The Ford Model T, which was mass-produced on moving assembly lines with completely interchangeable parts, is often credited as the world's first mass-produced item.","The world's first mass-produced backpack was created by Lloyd Nelson, who designed the ""Trapper Pack"" in 1939.",the world's first mass-produced item,world's first mass-produced backpack,True,0.0,0.0,0.0,0.0,0.0,0.0,0.11999999999999998,0.2962962962962963,0.17629629629629628,0.0,,,0.07894736842105263,0.26666666666666666,0.18771929824561404,0.25,0.3333333333333333,0.08333333333333331,0.166666662717014,,
a6178eb7-9857-4ed2-8466-31baad8ceae4,what does the name of this car mean?,missing_final_answer,missing_final_answer,"<Thought>
The name ""QUICK"" on the car in the image is not a standard car name. It is likely a reference to a car wash service, as mentioned in Doc8. The car in the image is a Lexus IS, which is a","<Thought>
The car in the image is a Hyundai Sonata. The name ""Sonata"" is a musical term that refers to a type of musical composition, typically written for a solo instrument or a small instrumental ensemble. It is not related to the car's name, as the car is named after the musical term ""Sonata.""
</Thought>
<Sub-Question>
What does the name of this car mean?
</Sub-Question>
<Search>
Text Retrieval: Hyundai Sonata",QUICK car name meaning,Sonata,True,0.0,0.0,0.0,0.0,0.0,0.0,0,0.031746031746031744,0.031746031746031744,0.0,,,0,0.017241379310344827,0.017241379310344827,0,0.2,0.2,0.06451612591051004,,
a878926b-26f2-4abd-a3d7-bbd003f6be8a,what type of battery does the 2022 model of this car have?,missing_final_answer,ok,"<Thought>
The retrieved documents do not provide information about the make and model of the car in the image. We need to identify the car model from the image itself.
</thought>
<Sub-Question>
What is the make and model of the car in the image?
</Sub-Question>
<Search>
Image Retrieval: car model identification from the image
</Search>",": The 2022 Nissan Kicks is likely powered by a 1.6-liter 4-cylinder engine, which is the same as the 2024 model.",car model identification from the image,Nissan Kicks,True,0.0,0.0,0.0,0.0,0.0,0.0,0.038461538461538464,0.17391304347826086,0.1354515050167224,0.0,,,0.022222222222222223,0.125,0.10277777777777777,0.14285714285714285,0.2857142857142857,0.14285714285714285,0.09523809215419511,,
a8ae1886-5ad7-40b7-9507-8e80bfb00ec0,how much does this car cost new compared to a tesla 3?,missing_final_answer,missing_final_answer,"<Thought>
The retrieved documents do not provide the current price of the car in the image. We need to search for the current price of the car in the image.
</thought>
<Sub-Question>
What is the current price of the car in the image?
</Sub-Question>
<Search>
Text Retrieval: current price of the car in the image
</Search>","<Thought>
The image shows a white sedan, but the question is about comparing the cost of this car to a Tesla Model 3. The image does not provide any information about the car's make or model, so we need to identify the car in the image and then compare its cost to a Tesla Model 3.
</thought>
<Sub-Question>
What is the make and model of the car in the image?
</Sub-Question>
<Search>
Text Retrieval: ""identify the car in the image""",white sedan in a parking lot,current price of Mazda3,True,0.0,0.0,0.0,0.0,0.0,0.0,0,0.10126582278481013,0.10126582278481013,0.0,,,0,0.06153846153846154,0.06153846153846154,0,0.2857142857142857,0.2857142857142857,0.0,,
a94d3aa2-9fe6-4ed7-ba46-ca7a0b70d761,which car was produced first: chevrolet silverado 1500 or that red one?,ok,ok,The Chevrolet Silverado 1500 was produced first.,The Chevrolet Silverado 1500 was produced first.,"Chevrolet Silverado 1500 production year, Ford F-150 production year","Chevrolet Silverado 1500 production year, Ford F-150 production year",True,0.0,0.0,0.0,0.0,0.0,0.0,0.42857142857142855,0.42857142857142855,0.0,0.0,,,1.0,1.0,0.0,0.2727272727272727,0.2727272727272727,0.0,0.31999999596800005,,
a9647010-205f-4f16-9926-ea42498eee0b,what was the nickname of the person this statue depicts?,ok,missing_final_answer,"The nickname of the person depicted in the statue is ""The Poet Laureate of the Union.""","<Thought>
The retrieved documents do not provide the specific information needed to identify the person depicted in the statue. I need to search for more specific information about the statue and the person it represents.
</Thought>
<Sub-Question>
What is the name of the person depicted in the statue in the image?
</Sub-Question>
<Search>
Text Retrieval: ""name of the person depicted by Gilbert du Motier statue""",statue in a park setting with a person in formal attire,nickname of the person depicted by Gilbert du Motier statue,True,0.0,0.0,0.0,0.0,0.0,0.0,0.19999999999999998,0.09523809523809525,-0.10476190476190474,0.0,,,0.18181818181818182,0.05555555555555555,-0.12626262626262627,0.2222222222222222,0.3333333333333333,0.1111111111111111,0.24999999513888896,,
a9cd0ff4-2c2d-4052-959a-585f0ab25524,what are the downsides of using this product?,generation_error,ok,"<Thought>
The product in the image is a bottle, but the information provided does not specify the exact type of product. The bottle appears to be made of HDPE (High-Density Polyethylene) based on the resin identification code. To determine the downsides of using this product, we need to identify the specific product and gather information about its potential drawbacks.
</Thought>
<Sub-Question>
What is the name and type of the product shown in the image?
</Sub-Question>
<Search>
Text Retrieval: product name and type of the bottle in the image
</Search>","The downsides of using an antiperspirant stick include potential organ toxicity from parabens, which are used as preservatives, and the discomfort caused by the extra moisture on the skin due to the product's design to prevent sweating. It is also mentioned that natural deodorants, which do not contain parabens or aluminum, may be more effective in preventing body odor.",product name or type from the image,Antiperspirant Sticks,True,0.0,0.0,0.0,0.0,0.0,0.0,0.06666666666666667,0.14705882352941177,0.0803921568627451,0.0,,,0.04,0.09433962264150944,0.05433962264150944,0.2,0.3333333333333333,0.1333333333333333,0.05555555242283968,,
ab7eb40e-0ba7-47b5-aa6b-ea2115d7743e,when did chevy stop producing this car?,missing_final_answer,ok,"<Thought>
The retrieved documents do not provide any information about the specific model of the car in the image. The documents are about different car models and concepts, but none of them match the car in the image. Therefore, I need to provide a more specific query to find the exact model of the car in the image.
</Thought>
<Sub-Question>
What is the specific model of the car in the image?
</Sub-Question>
<Search>
Text Retrieval: ""specific model of the car in the image""
</Search>",Chevrolet stopped producing the Cruze in 2019.,identify the make and model of the car in the image,Chevrolet Cruze,True,0.0,0.0,0.0,0.0,0.0,0.0,0.02631578947368421,0.5714285714285715,0.5451127819548873,0.0,,,0.014705882352941176,0.6666666666666666,0.6519607843137255,0.125,0.5,0.375,0.07142856873086745,,
add5df65-6523-4538-acf0-5dbe3a08b5e8,do the leaves on this plant fall in autumn?,ok,ok,"Yes, the leaves on this plant fall in autumn.","No, the leaves on this plant do not fall in autumn.",deciduous plant identification,Viburnum rhytidophyllum,True,0.0,0.0,0.0,0.0,0.0,0.0,0,0.125,0.125,0.0,,,0,0.1,0.1,0,0.16666666666666666,0.16666666666666666,0.0,,
ae663103-61fb-4e75-a153-c7e60adb5a09,is this plant good for someone with asthma?,missing_final_answer,missing_final_answer,"<Thought>
The retrieved documents do not provide the name of the plant in the image. I need to identify the plant in the image to determine if it is good for someone with asthma.
</Thought>
<Sub-Question>
What is the name of the plant in the image?
</Sub-Question>
<Search>
Image Retrieval: Identify the plant in the image.
</Search>","<Thought>
The retrieved documents do not contain the plant in the image. I need to identify the plant in the image to determine if it is good for someone with asthma.
</Thought>
<Sub-Question>
What is the name of the plant in the image?
</Sub-Question>
<Search>
Image Retrieval: A plant with green leaves and stems.
</Search>",,Camellia japonica,False,0.0,0.0,0.0,0.0,0.0,0.0,0.1724137931034483,0.1724137931034483,0.0,0.0,,,0.10869565217391304,0.10869565217391304,0.0,0.4166666666666667,0.4166666666666667,0.0,0.12499999625000012,,
ae7896b5-9ad8-45a7-8806-733520b9ca18,what is the average height of this plant?,missing_final_answer,ok,"<Thought>
The retrieved documents do not provide specific information about the type of plant in the image. I need to identify the plant type from the image itself.
</Thought>
<Sub-Question>
What is the type of plant in the image?
</Sub-Question>
<Search>
Image Retrieval: Identify the type of plant in the image.
</Search>",The average height of a Monstera adansonii plant is approximately 4 feet.,,Arrowhead Vine,False,0.0,0.0,0.0,0.0,0.0,0.0,0.11320754716981132,0.5,0.3867924528301887,0.0,,,0.06976744186046512,0.5,0.43023255813953487,0.3,0.5,0.2,0.13636363261363646,,
b03cee48-c658-4f9f-990e-d583c08bc90b,are there more license plates required on the vehicle in this state than louisiana?,missing_final_answer,ok,"<Thought>
The retrieved documents do not provide the state of the license plate. We need to identify the state from the license plate itself.
</Thought>
<Sub-Question>
What state is the license plate on the car in the image from?
</Sub-Question>
<Search>
Image Retrieval: license plate recognition
</Search>",": Yes, there are the same number of license plates required on the vehicle in New York as in Louisiana.",license plate requirements in [state name],New York,True,0.0,0.0,0.0,0.0,0.0,0.0,0.14285714285714282,0.4117647058823529,0.26890756302521013,0.0,,,0.10256410256410256,0.4117647058823529,0.3092006033182504,0.23529411764705882,0.4117647058823529,0.1764705882352941,0.16326530172428166,,
b063646d-b682-4f1a-9d9a-d006229bec0f,in what region is the version of this with the least wasted floor space most used in?,missing_final_answer,missing_final_answer,"<Thought>
The retrieved documents provide information about the regions in England, but they do not specifically mention the usage of industrial ducts with the least wasted floor space. To find the region where this version is most used, we need to gather more specific data on the usage of industrial ducts in different regions.
</Thought>
<Sub-Question>
What regions in England have the highest usage of industrial ducts with the least wasted floor space?
</Sub-Question>
<Search>
Text Retrieval: regions in England with the highest usage of industrial ducts with the least wasted floor space
</Search>","<Thought>
The retrieved documents do not provide specific information about the regions where the version of industrial ducts with the least wasted floor space is most used. We need to search for more relevant information.
</Thought>
<Sub-Question>
In which region is the version of industrial ducts with the least wasted floor space most used?
</Sub-Question>
<Search>
Text Retrieval: industrial ducts with the least wasted floor space usage regions",regions with the highest usage of industrial ducts with the least wasted floor space,North America,True,0.0,0.0,0.0,0.0,0.0,0.0,0.1875,0.24657534246575344,0.05907534246575344,0.0,,,0.10714285714285714,0.14754098360655737,0.04039812646370024,0.75,0.75,0.0,0.2608695621592103,,
b07704be-ffd4-4d62-b144-c0b08f25da13,who originally designed this sculpture?,ok,ok,The original designer of the sculpture is Antony Gormley.,The original designer of the sculpture in the image is John Collier.,sculpture of an angel in the image,Saint Michael the Archangel ground zero sculpture designer,True,0.0,0.0,0.0,0.0,0.0,0.0,0.0625,0.23529411764705882,0.17279411764705882,0.0,,,0.14285714285714285,0.4444444444444444,0.30158730158730157,0.04,0.16,0.12,0.05714285332244924,,
b0790de5-87fd-4233-8103-dc2f17f0a2e6,what was the name of the first of this to be kept in a modern zoo?,missing_final_answer,missing_final_answer,"<Thought>
The retrieved documents provide information about the first animals kept in modern zoos, particularly the Central Park Zoo and the London Zoo. The Central Park Zoo documents mention a bear cub and a monkey, while the London Zoo documents do not provide specific information about the first animal kept there. However, the documents do not specify the name of the first animal kept in a modern zoo. To answer the question, I need to determine the name of the first animal kept in a modern zoo.
</thought>
<Sub-Question>
What was the name of the first animal kept in a modern zoo?
</Sub-Question>
<Search>
Text Retrieval: the name of the first animal kept in a modern zoo
</Search>","<Thought>
The retrieved documents provide information about the first modern zoo, which was built in 1793 in Paris, France. However, the question asks for the name of the first animal kept in a modern zoo. The documents do not provide this specific information. I need to search for more specific information about the first animal kept in a modern zoo.
</Thought>
<Sub-Question>
What was the name of the first animal kept in a modern zoo?
</Sub-Question>
<Search>
Text Retrieval: first animal kept in a modern zoo</Search>",the first animal kept in a modern zoo,obaysch,True,0.0,0.0,0.0,0.0,0.0,0.0,0.12499999999999999,0.13333333333333333,0.008333333333333345,0.0,,,0.07368421052631578,0.0821917808219178,0.008507570295602021,0.4117647058823529,0.35294117647058826,-0.05882352941176466,0.14285713917959195,,
b20c3a14-9161-4d35-abfd-8384f2041e85,who is the prime minister of the country where this is assembled?,ok,ok,The prime minister of the country where the red motorcycle is assembled is Narendra Modi.,The prime minister of Japan is Shigeru Ishiba.,red motorcycle in the image assembled in which country,Suzuki SV650,True,0.0,0.0,0.0,0.0,0.0,0.0,0.5833333333333334,0.7368421052631579,0.15350877192982448,0.0,,,0.5833333333333334,1.0,0.41666666666666663,0.5833333333333334,0.5833333333333334,0.0,0.47999999500800006,,
b293f46f-1618-4e96-b609-990df0d81e33,should this be used with heavy mulch?,ok,ok,"A shovel can be used with heavy mulch, although it may not be the most efficient tool for the job.",A round digger shovel is not suitable for digging holes in heavy mulch. It is more appropriate for softer soil types.,Should a shovel be used with heavy mulch?,round digger shovel,True,0.0,0.0,0.0,0.0,0.0,0.0,0.35294117647058826,0.4324324324324324,0.07949125596184414,0.0,,,0.35294117647058826,0.4,0.047058823529411764,0.35294117647058826,0.47058823529411764,0.11764705882352938,0.22222221722222232,,
b2b39a8a-5e92-4116-9fb5-ed2595b0bf71,what is the capital of the country where this breed of dog originated?,ok,ok,The capital of the country where the Poodle breed originated is Paris.,The capital of the country where the Labradoodle originated is Canberra.,black dog breed in a store,Labradoodle,True,0.0,0.0,0.0,0.0,0.0,0.0,0.23529411764705882,0.5,0.2647058823529412,0.0,,,0.2222222222222222,0.5,0.2777777777777778,0.25,0.5,0.25,0.1052631530193908,,
b58a53ef-fd49-40c2-b9b6-f353539749ae,how much is this at walgreens?,generation_error,ok,"<Thought>
The retrieved documents do not provide any specific information about the item being referred to in the question. The documents are about various topics such as retail, aisles, and a digital sign at One Times Square. Without knowing the specific item, it is impossible to determine its price at Walgreens. Please provide more information about the item.
</Thought>
<Sub-Question>
What is the specific item being referred to in the question about Walgreens price?
</Sub-Question>
<Search>
Text Retrieval: ""specific item being referred to in the question about Walgreens price""
</Search>",The Walgreens Temple Touch Mini Digital Thermometer is priced at $29.99 at Walgreens.,price of the item in the image at Walgreens,Walgreens Temple Touch Mini Digital Thermometer price at Walgreens,True,0.0,0.0,0.0,0.0,0.0,0.0,0.1111111111111111,0.9090909090909091,0.797979797979798,0.0,,,0.0625,0.8333333333333334,0.7708333333333334,0.5,1.0,0.5,0.09090908833792477,,
b67964ec-f37f-4e4e-8393-bfefd8c4e70e,who served as the mayor when this building opened?,ok,ok,The mayor of New York City when the Manhattan Municipal Building opened in 1914 was John Purroy Mitchel.,The mayor who served when the Manhattan Municipal Building opened in 1914 was Robert A. Van Wyck.,large historic building with clock tower and columns,mayor when New York City Hall building opened,True,0.0,0.0,0.0,0.0,0.0,0.0,0.47368421052631576,0.33333333333333326,-0.1403508771929825,0.0,,,0.5625,0.42857142857142855,-0.13392857142857145,0.4090909090909091,0.2727272727272727,-0.1363636363636364,0.2631578897506926,,
b6ce3e60-5823-4537-8f60-5faf3cc36e19,where is it?,missing_final_answer,ok,"<Thought>
The Xi'an Stele is located in the Banpo Museum in Xi'an, Shaanxi, China. The Banpo Museum is a museum that houses artifacts from the archaeological site of Banpo.
</Thought>
<Sub-Question>
Where is the Banpo Museum",The exhibit in the image is located at the Metropolitan Museum of Art in New York City.,museum exhibit with a large stone stele and other artifacts,Metropolitan Museum of Art exhibit,True,0.0,0.0,0.0,0.0,0.0,0.0,0.25,0.75,0.5,0.0,,,0.16666666666666666,0.6428571428571429,0.4761904761904763,0.5,0.9,0.4,0.27777777353395067,,
b7588fe6-6471-4ad5-a047-db2ab4da1362,how many grams of sugar is in this per serving?,missing_final_answer,missing_final_answer,"<Thought>
The retrieved documents do not provide the specific product information needed to answer the question. We need to identify the product in the image to proceed.
</thought>
<Sub-Question>
What is the product in the image?
</Sub-Question>
<Search>
Image Retrieval: product identification from the image
</Search>","<Thought>
The sugar content in grams for 8 teaspoons of natural sugar is calculated as follows: 8 teaspoons * 4.93 grams/teaspoon = 39.44 grams.
</Thought>
<Final Answer>
The sugar content in Martinelli's Sparkling Cider per serving is approximately 39.44 grams.",product in the image,Martinelli's Sparkling Cider,True,0.0,0.0,0.0,0.0,0.0,0.0,0,0.2553191489361702,0.2553191489361702,0.0,,,0,0.16666666666666666,0.16666666666666666,0,0.5454545454545454,0.5454545454545454,0.0,,
b75eeffe-dd00-497c-af73-9cb9d4b1b884,is the address for the rectory the same as the main structure?,missing_final_answer,missing_final_answer,"<Thought>
The retrieved documents provide information about the location of the rectory and the main structure in different contexts. However, the specific address of the rectory and the main structure in the image is not mentioned. We need to know the exact addresses to answer the question.
</Thought>
<Sub-Question>
What is the address","<Thought>
The retrieved documents provide information about the rectory of St. Patrick's Cathedral, but they do not mention the specific address. To answer the question, we need to know the exact address of the rectory.
</Thought>
<Sub-Question>
What is the address of the rectory for St. Patrick's Cathedral?
</Sub-Question>
<Search>
Text Retrieval: St. Patrick's Cathedral rectory address",rectory address of the building in the image,St. Patrick's Cathedral (Midtown Manhattan) - rectory address,True,0.0,0.0,0.0,0.0,0.0,0.0,0.21874999999999997,0.22535211267605632,0.006602112676056343,0.0,,,0.16666666666666666,0.16326530612244897,-0.003401360544217691,0.3181818181818182,0.36363636363636365,0.04545454545454547,0.1785714238839287,,
b801835c-cb4e-4f60-a2be-629502f56750,how many more seats does this car have than the previous generation?,missing_final_answer,missing_final_answer,"<Thought>
The retrieved documents do not provide information about the specific model of the car or its previous generation. We need to know the model of the car to answer the question.
</Thought>
<Sub-Question>
What is the model of the car in the image?
</Sub-Question>
<Search>
Text Retrieval: car model identification from the image
</Search>","<Thought>
The retrieved documents provide information about the 2025 Nissan Kicks and its previous generation, but they do not explicitly state the number of seats in the previous generation of the Nissan Kicks. To answer the question, we need to know the number of seats in the previous generation of the Nissan Kicks.
</Thought>
<Sub-Question>
How many seats does the previous generation of the Nissan Kicks have?
</Sub-Question>
<Search>
Text Retrieval: ""previous generation of the Nissan Kicks number of seats""",specific car model and its previous generation,Nissan Kicks,True,0.0,0.0,0.0,0.0,0.0,0.0,0.061538461538461535,0.0909090909090909,0.029370629370629363,0.0,,,0.044444444444444446,0.058823529411764705,0.014379084967320259,0.1,0.2,0.1,0.07017543415204706,,
b83e26ab-f631-4841-8552-6c683b4b2a76,how long did this cathedral take to build?,ok,ok,The St. Isaac's Cathedral took approximately 40 years to build.,The construction of Saint Isaac's Cathedral took 40 years to complete.,,St. Isaac's Cathedral construction time,False,0.0,0.0,0.0,0.0,0.0,0.0,0.6666666666666666,0.5454545454545454,-0.12121212121212122,1.0,,,0.7777777777777778,0.6,-0.1777777777777778,0.5833333333333334,0.5,-0.08333333333333337,0.3809523759637189,,
b997879c-0cd2-49c1-8a43-6e50456f9fe2,who created these?,missing_final_answer,ok,"<Thought>
The retrieved documents do not provide specific information about the manufacturer of the whiteboard in the image. The documents are about various companies and industries, but none of them mention a whiteboard manufacturer. Therefore, we need to search for more specific information about whiteboard manufacturers.
</Thought>
<Sub-Question>
What is the manufacturer of the whiteboard in the image?
</Sub-Question>
<Search>
Text Retrieval: manufacturer of whiteboard in the image
</Search>","The whiteboard in the image is likely a product of Expo, as Expo is known for creating dry-erase markers, which are commonly used on whiteboards.",manufacturer of whiteboard in the image,manufacturer of dry-erase marker,True,0.0,0.0,0.0,0.0,0.0,0.0,0.0588235294117647,0.1935483870967742,0.1347248576850095,0.0,,,0.03389830508474576,0.13636363636363635,0.1024653312788906,0.2222222222222222,0.3333333333333333,0.1111111111111111,0.11111110809327854,,
b9ce3501-e628-4149-ac2a-c018b5c59bc9,who designed that flag?,ok,ok,"The flag on the road sign in the image is not clearly identifiable from the documents retrieved. It is likely a national flag, but the specific design and its designer are not provided in the documents. More context or information about the flag is needed to determine its designer.",Andrew Carlisle Johnson designed the Colorado state flag.,Colorado state flag designer,Colorado flag design,True,0.0,0.0,0.0,0.0,0.0,0.0,0.04,0.6250000000000001,0.5850000000000001,0.0,,,0.024390243902439025,0.7142857142857143,0.6898954703832753,0.1111111111111111,0.5555555555555556,0.4444444444444445,0.08695651833648407,,
b9f29bf8-8c57-459a-8199-5f80b629bf50,who designed the first generation of this car?,missing_final_answer,ok,"<Thought>
The retrieved documents do not provide information about the make and model of the car in the image. I need to identify the car model and then find information about its first generation and designer.
</Thought>
<Sub-Question>
What is the make and model of the car in the image?
</Sub-Question>
<Search>
Image Retrieval: car identification from image
</Search>",: The designer of the first generation of the Honda CR-V is part of Honda's design team.,car model identification from image,Honda CR-V 6th Generation hybrid drivetrains,True,0.0,0.0,0.0,0.0,0.0,0.0,0.09836065573770492,0.2608695652173913,0.16250890947968638,0.0,,,0.058823529411764705,0.23076923076923078,0.17194570135746606,0.3,0.3,0.0,0.15999999656800007,,
babbcb8c-a50c-48cf-800b-da6fbc9bee7d,where does this joint get its name?,ok,missing_final_answer,"The word ""joint"" in the context of cannabis is derived from the French word ""joint,"" which means ""joined"" and is an adjective.","<Thought>
The retrieved documents provide information about the humerus and the glenohumeral joint. The glenohumeral joint is the joint formed by the articulation of the humerus and the glenoid fossa of the scapula. The name ""glenohumeral"" comes from the Greek words ""glenos"" meaning ""socket"" and ""humeros"" meaning ""upper arm bone."" The joint is also known as the shoulder joint.
</Thought>
<Sub-Question>
What is the origin of the name ""glenohumeral""?
</Sub-Question>
<Search>
Text Retrieval: origin of the name glenohumeral joint</Search>",joint name origin,glenohumeral joint origin of name,True,0.0,0.0,0.0,0.0,0.0,0.0,0.35294117647058826,0.20253164556962025,-0.150409530900968,0.0,,,0.3333333333333333,0.12698412698412698,-0.20634920634920634,0.375,0.5,0.125,0.28571428075102046,,
bb2723b4-516e-4bf7-aba7-33870d397605,wash this painted before or after he painted the bridge?,ok,missing_final_answer,The painting process of a bridge is typically done before the bridge is completed.,"<Thought>
The retrieved documents do not provide information about washing a painting or painting a bridge. The documents are about the Golden Gate Bridge, painting fishing boats, the design life-cycle of the Golden Gate Bridge, and Monet's paintings of the Waterloo Bridge. However, they do not mention washing a painting or painting a bridge. Therefore, I need to search for more specific information about washing a painting and painting a bridge.
</Thought>
<Sub-Question>
What is the process of washing a painting and painting a bridge?
</Sub-Question>
<Search>
Text Retrieval: painting process washing a painting and painting a bridge</Search>",wash painting before or after painting a bridge,Landscape with a Water Mill painting process before or after painting a bridge,True,0.0,0.0,0.0,0.0,0.0,0.0,0.14285714285714285,0.020408163265306124,-0.12244897959183673,0.0,,,0.18181818181818182,0.012345679012345678,-0.16947250280583614,0.11764705882352941,0.058823529411764705,-0.058823529411764705,0.2142857093877552,,
bb7f88b4-1403-4b02-bc00-ad529889e43a,what is the drive layout of this car?,missing_final_answer,missing_final_answer,"<Thought>
The retrieved documents do not provide information about the make and model of the car in the image. The documents are about different locations and events, but none of them match the car in the image. Therefore, we need to search for more specific information about the car in the image.
</thought>
<Sub-Question>
What is the make and model of the car in the image?
</Sub-Question>
<Search>
Image Retrieval: ""car with 'ZERO EMISSIONS VEHICLE' text on the side""
</Search>","<Thought>
The retrieved documents provide information about the Chevrolet Bolt EV, including its drive layout. The documents mention that the previous Bolt EV was FWD only, but the new generation of the Bolt EV, which is based on the Ultium EV platform, is flexible enough to accommodate single-motor FWD or RWD layouts, or dual-motor AWD powertrains. Since the image does not provide specific details about the drive layout of the car, we can infer that the drive layout of the car in the image is likely FWD or RWD, as the Ultium EV platform is flexible enough to accommodate these layouts.
</Thought>
<Sub-Question>
What is the drive layout of the Chevrolet Bolt EV?
</Sub-Question>
<Search>
Text Retrieval: ""Chevrolet Bolt EV drive layout""",make and model of the car in the image,Chevrolet Bolt EV,True,0.0,0.0,0.0,0.0,0.0,0.0,0.026315789473684213,0.12173913043478261,0.0954233409610984,0.0,,,0.014925373134328358,0.0660377358490566,0.05111236271472824,0.1111111111111111,0.7777777777777778,0.6666666666666667,0.03389830274059195,,
bbe8ebbc-4e2b-48be-86ed-cf0022a20dd4,what kind of engine is this car equipped with?,missing_final_answer,ok,"<Thought>
The retrieved documents do not provide information about the make and model of the car in the image. I need to identify the car model based on the image.
</thought>
<Sub-Question>
What is the make and model of the car in the image?
</Sub-Question>
<Search>
Image Retrieval: ""Volkswagen car in the image""
</Search>","The car in the image is equipped with a 1,984cc inline-4 engine.",white Volkswagen car model identification,2009 Volkswagen Golf GTI,True,0.0,0.0,0.0,0.0,0.0,0.0,0.06349206349206349,0.2857142857142857,0.2222222222222222,0.0,,,0.045454545454545456,0.4444444444444444,0.39898989898989895,0.10526315789473684,0.21052631578947367,0.10526315789473684,0.07142856674107174,,
bc8a4b69-be0e-4533-a8dc-0ae776e18a14,what's the difference between this model and the 450h?,generation_error,ok,"<Thought>
The retrieved documents do not provide specific information about the differences between the Lexus RX 400h and the Lexus RX 450h. The documents mention that the RX 450h is a hybrid model, but they do not provide details about the differences between the 400h and the 450h.
</Thought>
<Sub-Question>
What are the differences between the Lexus RX 400h and the Lexus RX 450h?
</Sub-Question>
<Search>
Text Retrieval: differences between Lexus RX 400h and RX 450h
</Search>","The Lexus RX 450h has better fuel efficiency, a more powerful engine, higher safety ratings, and is likely to cost more but offers more horsepower and noticeably better gas mileage compared to the Lexus RX 350.",difference between model and 450h,difference between Lexus RX 350 and 450h,True,0.0,0.0,0.0,0.0,0.0,0.0,0.16,0.22727272727272727,0.06727272727272726,0.0,,,0.09375,0.15151515151515152,0.05776515151515152,0.5454545454545454,0.45454545454545453,-0.09090909090909088,0.20408162895460233,,
bd6d8701-03d0-4751-9a80-c1353c778060,how many pounds of the most commonly consumed plant that produces the molecule at the top are consumed each year in the us?,missing_final_answer,missing_final_answer,"<Thought>
The retrieved documents do not provide the specific molecule at the top in the image. The documents are about various plants and animals, but they do not mention the molecule in the image. To answer the question, we need to identify the molecule at the top in the image and find the most commonly consumed plant that produces it.
</Thought>
<Sub-Question>
What is the molecule at the top in the image?
</Sub-Question>
<Search>
Image Retrieval: molecule at the top in the image
</Search>","<Thought>
The total pounds of coffee consumed each year in the US can be calculated by multiplying the average coffee consumption per person (9.26 pounds) by the population of the US (331 million). The population of the US is approximately 331 million people.
</Thought>
<Sub-Question>
What is the total pounds of coffee consumed each year in the US?
</Sub-Question>
<Search>
Text Retrieval: total pounds of coffee consumed each year in the US</Search>",most commonly consumed plant that produces the molecule at the top,most commonly consumed plant in the US that produces caffeine,True,0.0,0.0,0.0,0.0,0.0,0.0,0,0.14285714285714285,0.14285714285714285,0.0,,,0,0.08064516129032258,0.08064516129032258,0,0.625,0.625,0.033898302051135004,,
bdec3321-7a8c-4ad5-8acf-cc0185b7bf5c,what does this fish eat?,missing_final_answer,ok,"<Thought>
The retrieved documents do not provide specific information about the type of fish in the image. However, the fish in the image appear to be of the Amphiprioninae family, which includes species such as clownfish. To determine the exact species and diet, we need to identify the specific type of fish in the image.
</Thought>
<Sub-Question>
What is the specific type of fish in the image?
</Sub-Question>
<Search>
Text Retrieval: identify the specific type of fish in the image
</Search>",The fish in the image are Siamese Fighting Fish (Betta splendens) and they eat a protein-rich diet.,identification of fish in the image,Siamese fighting fish,True,0.0,0.0,0.0,0.0,0.0,0.0,0.11009174311926606,0.29090909090909095,0.1808173477898249,0.0,,,0.08823529411764706,0.5714285714285714,0.4831932773109243,0.14634146341463414,0.1951219512195122,0.048780487804878064,0.11764705385743966,,
be01bd8d-c90b-4c69-b576-a7ac2ce84a07,who's the author of the book?,ok,ok,The author of the book is Hans Günter Hockerts.,"The author of the book ""Die Entschädigung für NS-Verfolgte in West- und Osteuropa. Eine einführende Skizze"" is Hans Günter Hockerts.","author of the book ""Die Entschädigung für NS-Verfolgte in West- und Osteuropa. Eine einführende Skizze",author of the book Brainwashed,True,0.0,0.0,0.0,0.0,0.0,0.0,0.75,0.4444444444444444,-0.3055555555555556,1.0,,,0.8571428571428571,0.3333333333333333,-0.5238095238095237,0.6666666666666666,0.6666666666666666,0.0,0.39999999505,,
be4ee22a-cc97-4c7c-9901-adc6b7859277,other makes the parent company of this car produces?,missing_final_answer,ok,"<Thought>
The retrieved documents do not provide information about the make of the car in the image. I need to identify the make of the car from the image itself.
</thought>
<Sub-Question>
What is the make of the car in the image?
</Sub-Question>
<Search>
Image Retrieval: car make identification from the image
</Search>",The parent company of the car in the image is Stellantis N.V.,white car with logo on the side,Fiat Chrysler Automotive,True,0.0,0.0,0.0,0.0,0.0,0.0,0.033898305084745756,0.23076923076923078,0.19687092568448503,0.0,,,0.023809523809523808,0.3333333333333333,0.30952380952380953,0.058823529411764705,0.17647058823529413,0.11764705882352942,0.08163264852977951,,
beb4964b-0494-4c03-b184-d4c3f44796c5,where did the person who donated this building to the university serve as u.s. ambassador?,missing_final_answer,missing_final_answer,"<Thought>
The building in the image is a Gothic structure with a tall tower, which is characteristic of a cathedral or church. The retrieved documents do not provide the name of the building. We need to find out the name of the building and then determine who donated it and their service as a U.S. ambassador.
</thought>
<Sub-Question>
What is the name of the building in the image?
</Sub-Question>
<Search>
Text Retrieval: name of the building in the image with a tall tower and Gothic architecture.
</Search>","<Thought>
The retrieved documents do not provide specific information about the person who donated the building to the university. However, the documents mention Stephen Schwarzman, who donated $150 million to the University of California, Berkeley, to transform the Commons dining hall into the Schwarzman Center. This suggests that Stephen Schwarzman is the specific donor of the building in question.
</Thought>
<Sub-Question>
Who is the specific donor of the building in question?
</Sub-Question>
<Search>
Text Retrieval: ""specific donor of the building in question""",building donated to university,where did John Hay Whitney serve as U.S. ambassador,True,0.0,0.0,0.0,0.0,0.0,0.0,0.09999999999999999,0.02531645569620253,-0.07468354430379746,0.0,,,0.05714285714285714,0.014492753623188406,-0.04265010351966873,0.4,0.1,-0.30000000000000004,0.12307692006627227,,
becb4b1a-bf96-4f3d-8126-ae55189518ac,from which region is the pastry that influenced these?,ok,ok,"The fish-shaped pastries in the image are most likely influenced by fishcakes, which are commonly found in Japan.","The Bungeo-ppang, the pastry shown in the image, is from the region of Korea.",fish-shaped pastries origin,Bungeo-ppang,True,0.0,0.0,0.0,0.0,0.0,0.0,0.15384615384615385,0.3,0.14615384615384613,0.0,,,0.125,0.3,0.175,0.2,0.3,0.09999999999999998,0.07999999539200027,,
bed36022-7100-4d14-aff6-6d553502ffa3,who produced the first of these?,ok,ok,"The first jigsaw puzzle was not created by a specific individual but rather evolved over time. The first jigsaw puzzle was created by painting a picture on a flat, rectangular piece of wood and then cutting it into small pieces.",The first jigsaw puzzle was produced by John Spilsbury in 1767.,the first puzzle producer,john spilsbury produced the first jigsaw puzzle?,True,0.0,0.0,0.0,0.0,0.0,0.0,0.14634146341463414,0.7499999999999999,0.6036585365853657,0.0,,,0.08571428571428572,0.6,0.5142857142857142,0.5,1.0,0.5,0.15789473383656513,,
bf8f831e-b5d8-42bb-8b3f-7cdc396ad47b,does this need batteries?,ok,ok,The cat toys in the image do not require batteries.,The cat toys in the image do not appear to require batteries.,cat toys packaging battery requirements,Whisker City electronic teaser toy battery requirements,True,0.0,0.0,0.0,0.0,0.0,0.0,0.11111111111111112,0.10000000000000002,-0.0111111111111111,0.0,,,0.125,0.1,-0.024999999999999994,0.1,0.1,0.0,0.1904761854875285,,
bf93a424-7ba8-4a99-839c-02d03533067c,what ph should this plant be kept at?,ok,ok,The optimal pH level for a Mosaic plant is likely between 5.0 and 7.5.,The optimal pH level for Begonias is between 6.0 and 7.5.,identify the plant in the image with green leaves and some purple flowers,Begonias,True,0.0,0.0,0.0,0.0,0.0,0.0,0.4,0.34782608695652173,-0.05217391304347829,0.0,,,0.4166666666666667,0.4,-0.016666666666666663,0.38461538461538464,0.3076923076923077,-0.07692307692307693,0.3333333283333334,,
bff26876-f2d0-4614-9b09-453b09a84966,can i use american maid water jugs with this product?,missing_final_answer,ok,"<Thought>
The retrieved documents do not provide specific information about the compatibility of American Maid water jugs with the Primo water dispenser. We need to find more specific information about the Primo water dispenser's compatibility with different types of water jugs.
</Thought>
<Sub-Question>
Can the Primo water dispenser use American Maid water jugs?
</Sub-Question>
<Search>
Text Retrieval: Primo water dispenser compatibility with American Maid water jugs
</Search>","No, you cannot use American Maid water jugs with this Primo water dispenser. The jugs may not be compatible with the dispenser.",Primo water dispenser compatibility with American Maid water jugs,Primo water dispenser compatibility with American Maid water jugs,True,0.0,0.0,0.0,0.0,0.0,0.0,0.1917808219178082,0.5806451612903226,0.3888643393725144,0.0,,,0.11290322580645161,0.45,0.3370967741935484,0.6363636363636364,0.8181818181818182,0.18181818181818188,0.15999999635200007,,
c0458806-933a-451b-8079-defb5f3812cc,which country is this company based in?,ok,ok,"The company ""Ramedi"" is based in the Netherlands.","The company ""Ramedi Holland"" is based in the Netherlands.",Ramedi Holland company country,ROME Holland based in which country,True,0.0,0.0,0.0,0.0,0.0,0.0,0.6666666666666666,0.7692307692307692,0.10256410256410253,0.0,,,0.6666666666666666,0.7142857142857143,0.04761904761904767,0.6666666666666666,0.8333333333333334,0.16666666666666674,0.5333333283555556,,
c050265c-8428-4dee-8cfd-7706a8066e64,does this company also make dipping sauces?,generation_error,ok,"<Thought>
The retrieved documents do not provide specific information about the company that makes the barbecue sauce in the image. The documents are about different types of barbecue sauces and hot sauces, but they do not mention the company name. We need to identify the company name from the image or the context.
</Thought>
<Sub-Question>
What is the name of the company that makes the barbecue sauce in the image?
</Sub-Question>
<Search>
Text Retrieval: barbecue sauce company name
</Search>","Yes, the company that makes the barbecue sauce in the image also makes dipping sauces.",Sweet Baby Ray's barbecue sauce company products,honey mustard dipping sauce company name,True,0.0,0.0,0.0,0.0,0.0,0.0,0.054794520547945216,0.3157894736842105,0.2609949531362653,0.0,,,0.030303030303030304,0.25,0.2196969696969697,0.2857142857142857,0.42857142857142855,0.14285714285714285,0.07407407181755836,,
c139ee40-192b-4893-b8f1-57564072d5b6,how do i care for these?,missing_final_answer,ok,"<Thought>
The retrieved documents do not provide specific information about the type of plant in the image. I need to focus on the image itself to identify the plant type.
</thought>
<Sub-Question>
What type of plant is shown in the image?
</Sub-Question>
<Search>
Image Retrieval: ""plants in the image""
</Search>","To care for the peace lilies in the image, provide them with indirect sunlight, maintain a warm environment (around 68°F to 85°F), and water them infrequently to avoid overwatering.",care instructions for peace lilies,Peace Lillies,True,0.0,0.0,0.0,0.0,0.0,0.0,0.03773584905660377,0.2777777777777778,0.24004192872117402,0.0,,,0.023255813953488372,0.19230769230769232,0.16905187835420393,0.1,0.5,0.4,0.04347825746691899,,
c17a9b70-1cd4-4667-acd4-5a80482d5ff2,which color is associated with hispanic in this?,ok,ok,The color associated with Hispanic in the graph is yellow.,The color associated with Hispanic in the graph is yellow.,,color associated with Hispanic yellow in graph,False,0.0,0.0,0.0,0.0,0.0,0.0,0.823529411764706,0.823529411764706,0.0,1.0,,,0.875,0.875,0.0,0.7777777777777778,0.7777777777777778,0.0,0.3999999950000001,,
c2612d2c-01a0-4b34-9227-0e32c844a846,what is this drug used for?,missing_final_answer,ok,"<Thought>
The retrieved documents do not provide the name of the drug in the image. I need to identify the drug in the image to provide its use.
</thought>
<Sub-Question>
What is the name of the drug in the image?
</Sub-Question>
<Search>
Image Retrieval: drug name in the image
</Search>","The drug in the table is lithium, which is used to treat and prevent episodes of mania in people with bipolar disorder. It is also sometimes used to treat depression, schizophrenia, and certain mental illnesses in children.",drug name in the table,Lithium,True,0.0,0.0,0.0,0.0,0.0,0.0,0.12,0.3555555555555555,0.23555555555555552,0.0,,,0.075,0.22857142857142856,0.15357142857142858,0.3,0.8,0.5,0.15384615003287322,,
c2a09613-9952-4e86-8fcc-039b1f9fc9e5,"do these turn off later on tuesdays or on saturdays in coventry, united kingdom?",missing_final_answer,ok,"<Thought>
The retrieved documents do not provide any information about the traffic light schedule in Coventry, United Kingdom. We need to search for more specific information about traffic lights in Coventry.
</Thought>
<Sub-Question>
Do traffic lights in Coventry, United Kingdom, turn off later on Tuesdays or on Saturdays?
</Sub-Question>
<Search>
Text Retrieval: traffic light schedule in Coventry, United Kingdom
</Search>","The traffic lights in Coventry, United Kingdom do not turn off later on Tuesdays or on Saturdays.",Coventry traffic light schedule,"street lamps schedule in Coventry, United Kingdom",True,0.0,0.0,0.0,0.0,0.0,0.0,0.2777777777777778,0.6666666666666666,0.38888888888888884,0.0,,,0.1724137931034483,0.625,0.4525862068965517,0.7142857142857143,0.7142857142857143,0.0,0.1724137892687278,,
c43db3c4-83af-4b79-96a9-cdb8901c6b92,what is the difference between the origin of this food and sushi?,missing_final_answer,missing_final_answer,"<Thought>
The retrieved documents do not provide information about the origin of the food in the image. We need to search for more relevant information.
</thought>
<Search>
Text Retrieval: origin of the food in the image
</Search>","<Thought>
The retrieved documents do not provide information about the origin of the food in the image. We need to search for more relevant information about the origin of the food in the image.
</thought>
<Sub-Question>
What is the origin of the food in the image?
</Sub-Question>
<Search>
Text Retrieval: origin of the food in the image</Search>",origin of the food in the image,Onigiri,True,0.0,0.0,0.0,0.0,0.0,0.0,0.07692307692307691,0.06060606060606061,-0.016317016317016306,0.0,,,0.06451612903225806,0.044444444444444446,-0.020071684587813617,0.09523809523809523,0.09523809523809523,0.0,0.08695651689035944,,
c4d354c1-11f6-41a3-a8ef-b4d9de6d57d6,which stage names did the daughter of the creator of this instrument use?,generation_error,missing_final_answer,"<Thought>
The retrieved documents do not provide enough information to determine the name of the instrument shown in the image. We need more context or a clearer image to identify the instrument.
</Thought>
<Sub-Question>
What is the name of the instrument shown in the image?
</Sub-Question>
<Search>
Text Retrieval: ""name of the instrument in the image""
</Search>","<Thought>
The retrieved documents do not provide the name of the creator of the bass guitar. We need more specific information to answer the question.
</Thought>
<Sub-Question>
What is the name of the creator of the bass guitar?
</Sub-Question>
<Search>
Text Retrieval: ""creator of the bass guitar""",creator of the instrument in the image,first electric bass guitar,True,0.0,0.0,0.0,0.0,0.0,0.0,0.08219178082191779,0.15384615384615383,0.07165437302423604,0.0,,,0.06521739130434782,0.13157894736842105,0.06636155606407322,0.1111111111111111,0.18518518518518517,0.07407407407407407,0.09230768745088783,,
c5b56c49-ccd6-4565-b004-e8e409579e11,is this cheaper at wal-mart or walgreens?,generation_error,ok,"<Thought>
The retrieved documents do not provide specific information about the prices of the item in question at Wal-Mart or Walgreens. We need to focus on the item mentioned in the image to compare prices at both stores.
</Thought>
<Sub-Question>
Is there a specific item mentioned in the image that we need to compare prices for at Wal-Mart and Walgreens?
</Sub-Question>
<Search>
Text Retrieval: compare prices of Wal-Mart and Walgreens for the item mentioned in the image.
</Search>","The image does not provide any information about the prices of products at Wal-Mart or Walgreens, so it is not possible to determine which store is cheaper based on this image alone.",,compare prices of Wal-Mart and Walgreens for Trident Gum Spearmint,False,0.0,0.0,0.0,0.0,0.0,0.0,0.14634146341463414,0.2325581395348837,0.08621667612024955,0.0,,,0.08695652173913043,0.16666666666666666,0.07971014492753623,0.46153846153846156,0.38461538461538464,-0.07692307692307693,0.03508771597414621,,
c5ec19f2-800c-444d-9284-529dbe0baf8a,when did adriaen brouwer draw this?,generation_error,missing_final_answer,"<Thought>
The retrieved documents do not provide specific information about the date when Adriaen Brouwer drew the image in the book. We need to search for more specific information about the image and Adriaen Brouwer's works.
</Thought>
<Sub-Question>
When did Adriaen Brouwer draw the image in the book?
</Sub-Question>
<Search>
Text Retrieval: Adriaen Brouwer, image date
</Search>","<Thought>
The retrieved documents do not provide information about Adriaen Brouwer or the date when he drew the image in the book. We need to search for more specific information about Adriaen Brouwer's works and the date of the image in question.
</thought>
<Sub-Question>
When did Adriaen Brouwer draw the image in the book?
</Sub-Question>
<Search>
Text Retrieval: Adriaen Brouwer 1635</Search>","Adriaen Brouwer, image in the book, date of drawing",1635,True,0.0,0.0,0.0,0.0,0.0,0.0,0.14035087719298248,0.13333333333333333,-0.007017543859649145,0.0,,,0.08,0.07547169811320754,-0.004528301886792457,0.5714285714285714,0.5714285714285714,0.0,0.12499999722222227,,
c6275998-fe2f-47ac-9ddf-c7ecfe60e822,does their website feature any vegan recipes?,missing_final_answer,ok,"<Thought>
The retrieved documents mention Safeway Inc. as a company that operates stores and has a specific logo. However, they do not provide any information about the website of the store or company that sells the meat in the image. We need to search for the specific store or company name to find their website.
</Thought>
<Sub-Question>
What is the name of the store or company that sells the meat in the image?
</Sub-Question>
<Search>
Text Retrieval: ""name of the store or company that sells the meat in the image""
</Search>","No, the Hormel website does not feature any vegan recipes.",Hormel website vegan recipes,Hormet,True,0.0,0.0,0.0,0.0,0.0,0.0,0.024390243902439022,0.4,0.375609756097561,0.0,,,0.013157894736842105,0.3333333333333333,0.3201754385964912,0.16666666666666666,0.5,0.33333333333333337,0.033333331533333434,,
c68239c4-22ae-47a4-8633-84367c2417fa,what region is this tree endemic to?,missing_final_answer,ok,"<Thought>
The plant in the image is identified as Swertia perennis, which is endemic to Europe and parts of Asia, particularly in the Mediterranean region and the Balkans. However, the retrieved documents do not provide specific information about the endemic region of Swertia perennis. The information about Swertia perennis is not available in the retrieved documents.
</Thought>
<Sub-Question>
What is the endemic region of Swertia perennis?
</Sub-Question>
<Search>
Text Retrieval: Swertia perennis endemic region
</Search>","The tree in the image is endemic to the California Floristic Province, specifically coastal forests of California and extending into Oregon.","identification of a plant with broad, oval-shaped leaves",Umbellularia,True,0.0,0.0,0.0,0.0,0.0,0.0,0.0821917808219178,0.48,0.3978082191780822,0.0,,,0.045454545454545456,0.3333333333333333,0.28787878787878785,0.42857142857142855,0.8571428571428571,0.42857142857142855,0.15686274245290277,,
c6881e9a-aeea-4b2d-bfad-5913930d7184,how tall is this hotel?,missing_final_answer,ok,"<Thought>
The retrieved documents do not provide the exact height of a standard floor in a building. However, we can estimate the height of a standard floor by considering the average height per floor. Typically, a standard floor in a building is around 10 feet high. Therefore, the height of a 44-story building would be approximately 440 feet.
</Thought>
<Sub-Question>
What is the height of a standard floor in a building?
</Sub-Question>
<Search>
Text Retrieval: height of a standard floor in a building
</Search>",The Hyatt Grand Central New York has 34 floors.,hotel name in the image,Hyatt Grand Central New York,True,0.0,0.0,0.0,0.0,0.0,0.0,0.050632911392405056,0.5263157894736842,0.4756828780812791,0.0,,,0.029411764705882353,0.625,0.5955882352941176,0.18181818181818182,0.45454545454545453,0.2727272727272727,0.10526315457063723,,
c7036b42-975e-49ba-a378-6fd6eae22692,what city claims to be the capital of the world for these berries?,missing_final_answer,ok,"<Thought>
The retrieved documents mention that Hammonton, New Jersey claims to be the ""Blueberry Capital of the World"". However, the question asks about a city that claims to be the capital of the world for berries. The documents do not provide information about a city that claims to be the capital of the world for berries. Therefore, we need to search for more information about cities that have a claim to be the capital of the world for berries.
</Thought>
<Sub-Question>
What city claims to be the capital of the world for berries?
</Sub-Question>
<Search>
Text Retrieval: city that claims to be the capital of the world for berries
</Search>","Hammonton, New Jersey claims to be the capital of the world for berries.",city capital berries,"Hammonton, New Jersey",True,0.0,0.0,0.0,0.0,0.0,0.0,0.1929824561403509,0.5454545454545455,0.3524720893141946,0.0,,,0.11956521739130435,0.8181818181818182,0.6986166007905139,0.5,0.4090909090909091,-0.09090909090909088,0.17391303924385643,,
c8fbae7d-d6c6-4cb9-97f5-b6582e353611,what does the gr mean?,missing_final_answer,ok,"<Thought>
The retrieved documents do not provide specific information about the ""GR"" abbreviation in the context of post offices. The documents are mostly about the ""G"" label on elevators and the ""General Post Office"" term. To find the correct meaning of ""GR"" in the context of post offices, I need to search for more specific information.
</Thought>
<Sub-Question>
What does the ""GR"" abbreviation mean in the context of post offices?
</Sub-Question>
<Search>
Text Retrieval: ""GR abbreviation in post offices""
</Search>","""GR"" on a post office box stands for ""King George V"" and ""Rex,"" which translates to ""King"" in Latin.",GR meaning on post office box,GR,True,0.0,0.0,0.0,0.0,0.0,0.0,0.07142857142857142,0.31250000000000006,0.24107142857142863,0.0,,,0.04285714285714286,0.2777777777777778,0.23492063492063492,0.21428571428571427,0.35714285714285715,0.14285714285714288,0.05797101093047701,,
c9cdaa38-02bf-4787-b0de-7d3b1ce865eb,are these major or minor?,ok,ok,The chords shown in the image are minor.,The chords shown in the image are minor chords.,chords in the image,Suspended Fourth Chords,True,0.0,0.0,0.0,0.0,0.0,0.0,0.23076923076923075,0.2222222222222222,-0.008547008547008544,0.0,,,0.5,0.42857142857142855,-0.07142857142857145,0.15,0.15,0.0,0.22222221805212622,,
cad38210-6e68-424b-b162-66d2aa73dff4,what year did this actor get his first acting role?,missing_final_answer,missing_final_answer,"<Thought>
The retrieved documents do not provide any information about the actor in the image or their first acting role. We need to identify the actor and find the year they got their first acting role.
</Thought>
<Sub-Question>
What is the name of the actor in the image?
</Sub-Question>
<Search>
Text Retrieval: actor in the image
</Search>","<Thought>
The retrieved documents do not provide any information about the actor in the image. I need to identify the actor in the image to proceed with the question.
</thought>
<Sub-Question>
What is the name of the actor in the image?
</Sub-Question>
<Search>
Image Retrieval: A mannequin in a clothing store with a person in the",,Ron Harper,False,0.0,0.0,0.0,0.0,0.0,0.0,0.15625,0.06779661016949153,-0.08845338983050847,0.0,,,0.10416666666666667,0.046511627906976744,-0.05765503875968993,0.3125,0.125,-0.1875,0.17543859230532483,,
cad3a581-f373-4de8-83e1-dcbb4006d85c,what's the difference between this brand and gmc?,generation_error,ok,"<Thought>
The retrieved documents provide information about the differences between GMC and Chevrolet. GMC does not offer any car models, so they are typically sold along with Buick or Cadillac vehicles at joint dealerships. The documents also mention that the GMC Yukon Denali included a unique front fascia and front and rear bumpers to differentiate it from its non-luxury cousin, the GMC Suburban. The only other physical differences between the first-generation Cadillac Escalade and GMC Yukon Denali were the emblems on the front grilles, front doors, rear tailgates, steering wheels, and front seat embroidery.
</Thought>
<Sub-Question>
What are the differences between GMC and Chevrolet?
</Sub-Question>
<Search>
Text Retrieval: differences between GMC and Chevrolet
</Search>","The main differences between GMC and Chevrolet are the level of luxury and the specific models offered. GMC is often perceived as a more premium brand, emphasizing quality, luxury, and performance, while Chevrolet is more affordable and focuses on a wide variety of options. GMC vehicles have higher-end trims and amenities, making them stand out in the market.",difference between this brand and GMC,difference between GMC and Chevrolet,True,0.0,0.0,0.0,0.0,0.0,0.0,0.12213740458015267,0.275,0.15286259541984737,0.0,,,0.07766990291262135,0.21153846153846154,0.13386855862584018,0.2857142857142857,0.39285714285714285,0.10714285714285715,0.07766989913846753,,
cc609095-d6fa-43a6-a54b-4acc2e1c8d24,what is this?,ok,missing_final_answer,The title of the artwork is not provided in the image or the retrieved documents.,"<Thought>
The retrieved documents suggest that the artwork might be related to a calendar. However, the exact title is not clear from the documents. We need more specific information to determine the exact title.
</Thought>
<Sub-Question>
What is the exact title of the artwork in the image?
</Sub-Question>
<Search>
Text Retrieval: ""Calendar""",artwork with text made of fabric or clay in a grid-like pattern,Calendar,True,0.0,0.0,0.0,0.0,0.0,0.0,0.2222222222222222,0.12,-0.10222222222222221,0.0,,,0.18181818181818182,0.06976744186046512,-0.11205073995771671,0.2857142857142857,0.42857142857142855,0.14285714285714285,0.18181817698347122,,
cc8bfd98-0127-46ee-a8dd-b747eef66ecc,has this plant won any awards?,missing_final_answer,missing_final_answer,"<Thought>
The plant in the image appears to be a type of vine or bush with small, oval-shaped leaves. Based on the retrieved information, it is not clear what specific type of plant this is. To determine if this plant has won any awards, I need to identify the specific type of plant and then check if it has received any awards.
</thought>
<Sub-Question>
What is the specific type of plant in the image?
</Sub-Question>
<Search>
Text Retrieval: Identify the specific type of plant in the image.
</Search>","<Thought>
The retrieved documents do not provide any information about Begonia awards. I need to search for more specific information about Begonia awards.
</Thought>
<Sub-Question>
Has the Begonia plant won any awards?
</Sub-Question>
<Search>
Text Retrieval: Begonia awards</Search>","Identify the type of plant in the image with small, oval-shaped leaves.",Begonias,True,0.0,0.0,0.0,0.0,0.0,0.0,0.044444444444444446,0.0425531914893617,-0.001891252955082745,0.0,,,0.02531645569620253,0.027777777777777776,0.002461322081575245,0.18181818181818182,0.09090909090909091,-0.09090909090909091,0.08955223586544897,,
cccf641a-285a-4d6f-91ce-f4cd34cd8a5a,where is this company based?,missing_final_answer,ok,"<Thought>
The retrieved documents do not provide the specific name of the Omega store in the image. I need to find the name of the Omega store in","The Omega store in the image is located in Bienne, Switzerland.",Omega store name in the image,Omega company headquarters location,True,0.0,0.0,0.0,0.0,0.0,0.0,0.14285714285714288,0.5333333333333333,0.3904761904761904,0.0,,,0.09090909090909091,0.4444444444444444,0.3535353535353535,0.3333333333333333,0.6666666666666666,0.3333333333333333,0.07999999635200017,,
cdffcafc-d98c-4b6a-8e07-c683848bec9c,what is the capital of the country where this was discovered?,missing_final_answer,ok,"<Thought>
The retrieved documents provide information about different plants, but none of them match the plant in the image. We need to identify the plant in the image to determine where it was discovered and the capital of the country where it was discovered.
</Thought>
<Sub-Question>
What is the name of the plant in the image?
</Sub-Question>
<Search>
Image Retrieval: plant identification from image
</Search>",The capital of the country where the plant was discovered is Bogotá.,plant in the image with green leaves and white pot,Spathiphyllum wallisii,True,0.0,0.0,0.0,0.0,0.0,0.0,0.1846153846153846,0.7368421052631577,0.5522267206477731,0.0,,,0.10909090909090909,0.7777777777777778,0.6686868686868687,0.6,0.7,0.09999999999999998,0.14814814490397812,,
cecaf9be-7470-4225-9f30-2ecd1955a19f,what are the isbns for this book?,missing_final_answer,ok,"<Thought>
The retrieved documents do not provide the title of the book shown in the image. I need to focus on the text in the image to identify the title.
</Thought>
<Sub-Question>
What is the title of the book shown in the image?
</Sub-Question>
<Search>
Text Retrieval: ""title of the book shown in the image""
</Search>","The ISBNs for the book ""Before We Are Born: Essentials of Embryology and Birth Defects"" are 978-1-4160-3705-7, 9781437701050, 1437701051, 9781416037057, and 1416037055.",title of the book shown in the image,Before We Are Born: Essentials of Embryology and Birth Defects,True,0.0,0.0,0.0,0.0,0.0,0.0,0.060606060606060615,0.5714285714285713,0.5108225108225106,0.0,,,0.045454545454545456,0.6,0.5545454545454546,0.09090909090909091,0.5454545454545454,0.4545454545454545,0.07547169341402665,,
cf24b51e-6e2b-4e1d-85a3-b9106d9d836b,what body styles is this car available in?,missing_final_answer,ok,"<Thought>
The retrieved documents do not provide the make and model of the car in the image. I need to identify the car make and model from the image itself.
</thought>
<Sub-Question>
What is the make and model of the car in the image?
</Sub-Question>
<Search>
Image Retrieval: ""car identification from image""
</Search>","The car in the image is a Mazda, and the available body styles for the Mazda are typically SUVs, which can be further categorized into different trims and configurations.",silver car rear view mazda model,Honda CR-V 6th Generation hybrid drivetrains,True,0.0,0.0,0.0,0.0,0.0,0.0,0.10714285714285714,0.38888888888888895,0.2817460317460318,0.0,,,0.06818181818181818,0.2916666666666667,0.2234848484848485,0.25,0.5833333333333334,0.33333333333333337,0.12765957046627446,,
cfaa0bff-3afa-463f-856b-f7ef8015784b,does this university have more undergraduate or graduate students?,missing_final_answer,missing_final_answer,"<Thought>
The retrieved documents provide information about various universities, but the specific university in question is not mentioned in the input question. To provide a precise answer, we need to know the name of the university in question.
</Thought>
<Sub-Question>
What is the name of the university in question?
</Sub-Question>
<Search>
Text Retrieval: name of the university in question
</Search>","<Thought>
The retrieved documents do not provide specific information about the number of undergraduate or graduate students at Bingham University. The documents are about Binghamton University, which is a different institution. To answer the question, we need to find more specific and recent statistics about the student population at Bingham University.
</Thought>
<Sub-Question>
Does Bingham University have more undergraduate or graduate students?
</Sub-Question>
<Search>
Text Retrieval: ""Bingham University student population undergraduate graduate""",university name undergraduate graduate students,number of undergraduate and graduate students at Bingham University,True,0.0,0.0,0.0,0.0,0.0,0.0,0.03333333333333333,0.18666666666666665,0.15333333333333332,0.0,,,0.0196078431372549,0.10606060606060606,0.08645276292335116,0.1111111111111111,0.7777777777777778,0.6666666666666667,0.043478257996219474,,
cfc441ea-6133-400d-9c00-3359b9c39a0d,what is this used for?,ok,ok,"The nasal spray bottle in the image is likely a corticosteroid nasal spray, used to relieve symptoms of sinusitis, hay fever, and allergic rhinitis.","The bottle in the image is used for allergy relief, specifically targeting symptoms such as itching and mucus production. It is a nasal spray used to provide non-drowsy, 24-hour allergy relief.",Medication name on the bottle in the image,fluticasone propionate nasal spray,True,0.0,0.0,0.0,0.0,0.0,0.0,0.47058823529411764,0.2926829268292683,-0.17790530846484937,1.0,,,0.38095238095238093,0.21428571428571427,-0.16666666666666666,0.6153846153846154,0.46153846153846156,-0.15384615384615385,0.38888888427469137,,
cfc7dce8-f89a-4e08-9957-40956f7598d7,what kind of foods can i find here?,missing_final_answer,ok,"<Thought>
The retrieved documents do not provide information about the types of foods found in the grocery store. However, based on the image, we can see fresh produce such as vegetables and fruits. The sign also indicates that the store sells pickles, sauces, chutneys, pastes, tamarind, sugar, and salt, which are not actual foods but ingredients and condiments. To get a more accurate answer, we need to look at the shelves and the produce section in the image.
</Thought>
<Sub-Question>
What kind of foods can be found in the grocery store based on the image?
</Sub-Question>
<Search>
Image Retrieval: grocery store foods based on the image
</Search>",You can find fresh produce such as vegetables and fruits in this grocery store.,,Apna Bazar Farmers Market,False,0.0,0.0,0.0,0.0,0.0,0.0,0.05769230769230768,0.16666666666666666,0.10897435897435898,0.0,,,0.031914893617021274,0.14285714285714285,0.11094224924012158,0.3,0.2,-0.09999999999999998,0.07228915450718543,,
d040e33c-0236-4ea2-857b-44f08bdf51dc,where was the auto show where this second-generation car was presented?,missing_final_answer,ok,"<Thought>
The retrieved documents do not provide any information about the car model or the auto show where it was presented. We need to identify the car model and its second-generation release to find the auto show.
</thought>
<Sub-Question>
What is the make and model of the car in the image?
</Sub-Question>
<Search>
Image Retrieval: car identification from image
</Search>",": The auto show where the second-generation Honda CR-V was presented is the North American International Auto Show (NAIAS) in Detroit, Michigan.",white car in a parking lot with a second-generation release,Honda CR-V 6th Generation hybrid drivetrains,True,0.0,0.0,0.0,0.0,0.0,0.0,0.16666666666666669,0.5789473684210527,0.41228070175438597,0.0,,,0.11538461538461539,0.6111111111111112,0.49572649572649574,0.3,0.55,0.25000000000000006,0.2153846111242604,,
d0476ba6-0068-4ba4-8a62-1d00812388e1,which country had the third largest sales of this car in 2022?,missing_final_answer,missing_final_answer,"<Thought>
The retrieved documents do not provide any information about the car model or its sales data. We need to search for the car model and its sales data for the year 2022.
</thought>
<Sub-Question>
What is the car model shown in the image?
</Sub-Question>
<Search>
Text Retrieval: car model identification from the image
</Search>","<Thought>
The retrieved documents provide global sales data for Nissan in 2024, but they do not contain specific sales data for the Nissan Kicks in 2022. We need to search for the specific sales data of the Nissan Kicks in 2022.
</Thought>
<Sub-Question>
What is the sales data of the Nissan Kicks in 2022?
</Sub-Question>
<Search>
Text Retrieval: ""Nissan Kicks sales data 2022""",red car in the image,Nissan Kicks,True,0.0,0.0,0.0,0.0,0.0,0.0,0.09677419354838708,0.16901408450704228,0.0722398909586552,0.0,,,0.0625,0.10526315789473684,0.042763157894736836,0.21428571428571427,0.42857142857142855,0.21428571428571427,0.14545454148760342,,
d05a4cc3-849c-4825-a2a3-e02186673526,how much sun should this plant get?,missing_final_answer,ok,"<Thought>
The retrieved documents do not provide specific information about the type of plant in the image. We need to identify the plant type to determine its light requirements.
</thought>
<Sub-Question>
What type of plant is shown in the image?
</Sub-Question>
<Search>
Image Retrieval: ""identify the type of plant in the image""
</Search>","Strelitzia nicolai should be placed in a location that receives partial shade to full sun. In a greenhouse, they should be positioned where they can receive some natural light, but the exact amount of sun they should get can vary depending on the specific conditions of the greenhouse.",banana plant sun requirements,Strelitzia nicolai,True,0.0,0.0,0.0,0.0,0.0,0.0,0.03703703703703704,0.2745098039215686,0.23747276688453156,0.0,,,0.021739130434782608,0.16279069767441862,0.14105156723963602,0.125,0.875,0.75,0.04444444152098785,,
d253fc27-09e5-4831-98ac-3bc4c5de5257,in what year did the president for whom this bridge is named win the battle of trenton?,missing_final_answer,ok,"<Thought>
The retrieved documents do not provide any information about the bridge in the image. The bridge in the image is not the Golden Gate Bridge, as it is not located in San Francisco. We need to find the name of the bridge and the president it is named after.
</Thought>
<Sub-Question>
What is the name of the bridge in the image?
</Sub-Question>
<Search>
Text Retrieval: bridge in the image with a tree in the foreground and a city in the background.
</Search>","The president for whom the Brooklyn Bridge is named, John Roebling, won the Battle of Trenton in 1776.",,George Washington bridge,False,0.0,0.0,0.0,0.0,0.0,0.0,0.05333333333333334,0.5,0.44666666666666666,0.0,,,0.030303030303030304,0.4,0.36969696969696975,0.2222222222222222,0.6666666666666666,0.4444444444444444,0.1034482730083235,,
d3186100-792a-49ec-9a54-6c4970a8505b,how many cities have locations for this business?,ok,ok,"The image does not provide the name of the business, and therefore, it is not possible to determine how many cities have locations for this business.","The business in the image, Up-Down Arcade Bar, has locations in 5 cities.",name of the business in the image,how many cities have locations for Up Down Arcade Bar,True,0.0,0.0,0.0,0.0,0.0,0.0,0.1764705882352941,0.36363636363636365,0.18716577540106955,0.0,,,0.13043478260869565,0.36363636363636365,0.233201581027668,0.2727272727272727,0.36363636363636365,0.09090909090909094,0.16666666222222234,,
d399ae76-2ba1-42af-84da-0fb3050ea813,how many fluid ounces is one bottle?,ok,ok,The volume of one bottle is 2 fluid ounces.,One bottle is 2 fluid ounces.,volume of one bottle in fluid ounces,2 fluid ounces,True,1.0,1.0,0.0,0.0,1.0,1.0,0.8571428571428571,1.0,0.1428571428571429,1.0,,,0.75,1.0,0.25,1.0,1.0,0.0,0.7999999952000001,,
d4e06118-4bf9-4b77-be25-f2afec64be67,is there a subway station near this restaurant?,missing_final_answer,missing_final_answer,"<Thought>
The retrieved documents do not provide the name of the restaurant shown in the image. I need to search for the restaurant's name to find nearby subway stations.
</Thought>
<Sub-Question>
What is the name of the restaurant shown in the image?
</Sub-Question>
<Search>
Text Retrieval: Restaurant name in the image
</Search>","<Thought>
The retrieved documents do not provide information about the location of the Brasserie Bar restaurant. We need to know the specific location of the restaurant to determine if there is a subway station nearby.
</Thought>
<Sub-Question>
What is the location of the Brasserie Bar restaurant?
</Sub-Question>
<Search>
Text Retrieval: Brasserie Bar restaurant location",Brasserie Bar restaurant location and nearby subway stations.,The Harrison,True,0.0,0.0,0.0,0.0,0.0,0.0,0.06153846153846154,0.08823529411764705,0.02669683257918551,0.0,,,0.046511627906976744,0.06521739130434782,0.01870576339737108,0.09090909090909091,0.13636363636363635,0.04545454545454544,0.11111110655006878,,
d5b7b194-521d-457d-a792-7232b0a0364a,when were these first sold in the united states?,generation_error,ok,"<Thought>
The retrieved documents provide information about various cars and their first sales in the United States. However, the information about the Fiat 500's first sale in the United States is not provided in the retrieved documents. The documents mention the Fiat 600 and Fiat 126, but not the Fiat 500. The image shows a car that appears to be a Fiat 500, but the information about its first sale in the United States is not provided in the retrieved documents.
</Thought>
<Sub-Question>
When was the Fiat 500 first sold in the United States?
</Sub-Question>
<Search>
Text Retrieval: when was the Fiat 500 first sold in the united states
</Search>",The Fiat 500 was first sold in the United States in 1908.,Fiat 500 first sale in the United States,when was the Fiat 500 first sold in the United States,True,0.0,0.0,0.0,0.0,0.0,0.0,0.17647058823529413,0.8571428571428572,0.680672268907563,0.0,,,0.0989010989010989,0.9,0.8010989010989011,0.8181818181818182,0.8181818181818182,0.0,0.24999999715332033,,
d6503044-b96b-4cd8-a41e-afeb43260a4b,where was the architect of this tower born?,generation_error,ok,"<Thought>
The retrieved documents do not provide enough information to identify the specific tower in the image. We need more context or a clearer description of the tower to proceed.
</Thought>
<Sub-Question>
What is the name of the tower in the image?
</Sub-Question>
<Search>
Text Retrieval: Identify the name of the tower in the image.
</Search>","The architect of the tower in the image, Cesar Pelli, was born in Tucumán, Argentina.",Identify the name of the tower in the image.,Frederick Sterner,True,0.0,0.0,0.0,0.0,0.0,0.0,0.07547169811320754,0.4,0.3245283018867925,0.0,,,0.044444444444444446,0.3333333333333333,0.28888888888888886,0.25,0.5,0.25,0.04444444181728411,,
d70b9224-cddc-4528-8e8e-657894fbcbb8,what's the scientific name for this plant?,generation_error,ok,"<Thought>
The retrieved documents provide information about plants with heart-shaped leaves, but none of them match the plant in the image. The plant in the image has large, broad leaves, which is not mentioned in the retrieved documents. I will need to perform a more specific search to identify the plant.
</Thought>
<Sub-Question>
What is the scientific name of the plant in the image?
</Sub-Question>
<Search>
Text Retrieval: plant identification with large broad leaves and heart-shaped leaves
</Search>","The scientific name for the plant with large, broad leaves in the image is Syngonium podophyllum.","scientific name for a plant with large, broad leaves",Syngonium podophyllum,True,0.0,0.0,0.0,0.0,0.0,0.0,0.10666666666666667,0.6666666666666667,0.56,0.0,,,0.05970149253731343,0.5384615384615384,0.478760045924225,0.5,0.875,0.375,0.16129031987513012,,
d718597e-d5cc-4fea-a43f-8d11edc9c777,when was this flower introduced into cultivation?,missing_final_answer,ok,"<Thought>
The retrieved documents do not provide specific information about the type of tulip in the image. However, the image shows a red tulip. To determine when this flower was introduced into cultivation, I need to identify the specific type of tulip and then research its history.
</Thought>
<Sub-Question>
What is the specific type of tulip shown in the image?
</Sub-Question>
<Search>
Text Retrieval: tulip identification based on the image
</Search>",Amaryllis belladonna was introduced into cultivation at the beginning of the eighteenth century.,red tulip identification,Amaryllis belladonna,True,0.0,1.0,1.0,0.0,1.0,1.0,0.136986301369863,1.0,0.863013698630137,0.0,,,0.08064516129032258,1.0,0.9193548387096774,0.45454545454545453,1.0,0.5454545454545454,0.15624999695312503,,
d723514e-14a7-4459-9901-5f59f9529500,when was the football club based in the same city as this sculpture founded?,missing_final_answer,missing_final_answer,"<Thought>
The football clubs based in Cape Town are Cape Town Spurs and Cape Town City, which play in the Premier Soccer League (PSL). However, the information provided does not specify the founding year of these clubs. I need to find out the founding year of the football clubs based in Cape Town.
</Thought>
<Sub-Question>
When were the football clubs based in Cape Town founded?
</Sub-Question>
<Search>
Text Retrieval: ""football clubs based in Cape Town founded""
</Search>","<Thought>
The football club TSV 1860 Munich was founded in 1860. Now, I need to find out when the football club based in the same city as this sculpture was founded.
</Thought>
<Sub-Question>
When was the football club based in the same city as this sculpture founded?
</Sub-Question>
<Search>
Text Retrieval: ""TSV 1860 Munich""",building in the image located in,Fortuna Düsseldorf,True,0.0,0.0,0.0,0.0,0.0,0.0,0.11111111111111112,0.17391304347826086,0.06280193236714975,0.0,,,0.07142857142857142,0.12244897959183673,0.05102040816326531,0.25,0.3,0.04999999999999999,0.11940298077077315,,
d7d1a48a-e336-47d5-9144-9b362a6001bd,what are the nmicronutrients in this?,missing_final_answer,missing_final_answer,"<Thought>
The retrieved documents do not provide specific information about the ingredients of the bread in the image. We need to know the ingredients of the bread to determine the micronutrients present in it.
</Thought>
<Sub-Question>
What are the ingredients of the bread shown in the image?
</Sub-Question>
<Search>
Text Retrieval: ingredients of the bread in the image
</Search>","<Thought>
The retrieved documents do not provide specific information about the ingredients of the bread in the image. We need to know the ingredients of the bread to determine its micronutrient content.
</Thought>
<Sub-Question>
What are the ingredients of the bread in the image?
</Sub-Question>
<Search>
Text Retrieval: ingredients of the bread in the image",ingredients of the bread in the image,bread,True,0.0,0.0,0.0,0.0,0.0,0.0,0.09523809523809525,0.06666666666666667,-0.02857142857142858,0.0,,,0.06382978723404255,0.045454545454545456,-0.018375241779497092,0.1875,0.125,-0.0625,0.11764705451749341,,
d946dcc8-6b4e-4e9a-82e4-0f0a6cbac5cd,what is the price?,ok,ok,The price of the boots in the image is $16.99.,The price of the boot in the image is $16.99.,price of the boots in the image,boots,True,0.0,0.0,0.0,0.0,0.0,0.0,0.6153846153846153,0.6153846153846153,0.0,0.0,,,0.5714285714285714,0.5714285714285714,0.0,0.6666666666666666,0.6666666666666666,0.0,0.555555550617284,,
d9f56093-4299-4689-84c7-5df0abb49ba5,when was it created?,missing_final_answer,ok,"<Thought>
The retrieved documents provide information about the stop sign's design and its adoption by the Vienna Convention on Road Signs and Signals in 1968. However, they do not provide a specific creation date for the stop sign in the image. To determine the creation date of the stop sign in the image, we would need additional context or information about the sign, such as its location or the city it is in.
</Thought>
<Sub-Question>
When was the stop sign in the image created?
</Sub-Question>
<Search>
Text Retrieval: When was the stop sign in the image created?
</Search>","The first stop sign was created in 1915 in Detroit, Michigan.",history of stop signs,when was the first stop sign created,True,0.0,0.0,0.0,0.0,0.0,0.0,0.16822429906542055,0.4117647058823529,0.24354040681693237,0.0,,,0.10843373493975904,0.7,0.5915662650602409,0.375,0.2916666666666667,-0.08333333333333331,0.18604650750405635,,
da6572f3-dbad-4e2a-98e1-7916110bc5df,what are the other brands owned by the parent company of this brand?,missing_final_answer,missing_final_answer,"<Thought>
The retrieved documents provide information about the brands owned by Daimler AG. The brands mentioned are Mercedes-Benz, Maybach, and Mercedes-AMG. The other brands are not explicitly mentioned in the documents, but it is known that Daimler AG also owns BAIC Group through a joint venture.
</Thought>
<Sub-Question>
What are the other brands owned by Daimler AG?
</Sub-Question>
<Search>
Text Retrieval: other brands owned by Daimler AG
</Search>","<Thought>
The retrieved documents provide information about the brands owned by Stellantis, including Alfa Romeo, Dodge, Jeep, and Ram. The documents do not provide information about other brands owned by Stellantis.
</Thought>
<Sub-Question>
What are the other brands owned by the parent company of Ram Truck?
</Sub-Question>
<Search>
Text Retrieval: other brands owned by Stellantis",brand name of the truck in the image,Ram,True,0.0,0.0,0.0,0.0,0.0,0.0,0.125,0.17391304347826086,0.048913043478260865,0.0,,,0.08196721311475409,0.12,0.0380327868852459,0.2631578947368421,0.3157894736842105,0.05263157894736842,0.12307691893964512,,
db02b8a2-7525-48ef-bab7-c4ddee14f9e2,how does it's range compare with a honda prologue?,generation_error,missing_final_answer,"<Thought>
The retrieved documents do not provide specific information about the range of the car displayed on the computer screen or the Honda Prologue. We need to find more specific information about the car's range and the Honda Prologue's range.
</Thought>
<Sub-Question>
What is the range of the car displayed on the computer screen?
</Sub-Question>
<Search>
Text Retrieval: range of the car displayed on the computer screen
</Search>","<Thought>
The retrieved documents provide information about the fuel efficiency and electric vehicle options of Mercedes-Benz, but they do not specifically mention the range of the Mercedes-Benz EQE SUV. We need to find more specific information about the range of the Mercedes-Benz EQE SUV.
</Thought>
<Sub-Question>
What is the range of the Mercedes-Benz EQE SUV?
</Sub-Question>
<Search>
Text Retrieval: ""Mercedes-Benz EQE range""",range of the car displayed on the computer screen,compare the range of the Mercedes-Benz EQE SUV with the Honda Prologue,True,0.0,0.0,0.0,0.0,0.0,0.0,0.08571428571428572,0.14705882352941174,0.06134453781512603,0.0,,,0.05357142857142857,0.09259259259259259,0.03902116402116402,0.21428571428571427,0.35714285714285715,0.14285714285714288,0.10909090496528942,,
e03ccf2a-b6e6-4787-adb2-7e9347ecdd9f,what is the usual capacity of this?,missing_final_answer,missing_final_answer,"<Thought>
The retrieved documents do not provide the brand and model of the bread machine in the image. I need to search for the brand and model of the bread machine in the image.
</Thought>
<Sub-Question>
What is the brand and model of the bread machine in the image?
</Sub-Question>
<Search>
Text Retrieval: brand and model of the bread machine in the image
</Search>","<Thought>
The retrieved documents do not provide information about the brand and model of the bread machine in the image. I need to identify the brand and model of the bread machine to find the usual capacity.
</Thought>
<Sub-Question>
What is the brand and model of the bread machine in the image?
</Sub-Question>
<Search>
Image Retrieval: bread machine in the image",brand and model of the bread machine in the image,measuring cups,True,0.0,0.0,0.0,0.0,0.0,0.0,0,0,0.0,0.0,,,0,0,0.0,0,0,0.0,0.0,,
e0967c91-77aa-4c6a-8dcb-197d6718174e,who is the artist of that painting?,generation_error,ok,"<Thought>
The retrieved documents provide information about various abstract artists and movements, but none of them directly identify the artist of the specific abstract painting in the image. The image appears to be an abstract painting, but the information provided does not help in identifying the artist. We need to search for more specific information about the painting in the image.
</Thought>
<Sub-Question>
What is the name of the artist of the abstract painting in the image?
</Sub-Question>
<Search>
Text Retrieval: artist of the abstract painting in the image
</Search>","The artist of the painting ""Lovers in the Night"" is Marlina Vera.",artist of the painting in the image,artist of the painting Lovers at Night,True,0.0,0.0,0.0,0.0,0.0,0.0,0.0963855421686747,0.6666666666666666,0.570281124497992,0.0,,,0.05405405405405406,0.6666666666666666,0.6126126126126126,0.4444444444444444,0.6666666666666666,0.2222222222222222,0.16666666388888893,,
e281fb07-fd7c-4f40-a7b2-a69d5bc0cba5,where was the creator of this born?,missing_final_answer,ok,"<Thought>
The retrieved documents do not provide any information about the artist who created the painting with a tree and a bench in the background. The documents mention Rembrandt, Claude Lorrain, and Johannes Vermeer, but none of them match the description of the painting. It is possible that the painting is by an unknown artist or a lesser-known artist. To find the birthplace of the creator, we need to identify the artist first.
</Thought>
<Sub-Question>
What","Charles M. Schulz, the creator of the Peanuts comic strip, was born in Minneapolis, Minnesota, U.S.",artist of the painting with a tree and a bench,Charles M. Schulz artist birthplace,True,0.0,0.0,0.0,0.0,0.0,0.0,0.08333333333333333,0.8,0.7166666666666667,0.0,,,0.04918032786885246,0.7142857142857143,0.6651053864168619,0.2727272727272727,0.9090909090909091,0.6363636363636364,0.08955223586544897,,
e28d7053-45ef-42ce-adc7-db03ad79b5e2,who are the authors of the latest edition of this book?,missing_final_answer,ok,"<Thought>
The retrieved documents do not contain the title of the book shown in the image. I need to search for the title of the book in the image to proceed.
</Thought>
<Sub-Question>
What is the title of the book shown in the image?
</Sub-Question>
<Search>
Text Retrieval: ""title of the book in the image""
</Search>","The authors of the latest edition of the book ""Brainwashed: The Seductive Appeal of Mindless Neuroscience"" are Sally Satel and Scott O. Lilienfeld.",title of the book in the image,Brainwashed: The Seductive Appeal of Mindless Neuroscience,True,0.0,0.0,0.0,0.0,0.0,0.0,0.02666666666666667,0.12000000000000001,0.09333333333333334,0.0,,,0.022727272727272728,0.15789473684210525,0.13516746411483252,0.03225806451612903,0.0967741935483871,0.06451612903225806,0.062499995000000405,,
e2f270fd-c471-4b19-ae68-8a2674528560,can this be given to an eight year old?,generation_error,ok,"<Thought>
The retrieved documents do not provide the name of the medication on the bottle in the image. We need to identify the medication name to determine if it is safe for an eight-year-old.
</thought>
<Sub-Question>
What is the name of the medication on the bottle in the image?
</Sub-Question>
<Search>
Text Retrieval: ""Medication name on the bottle in the image""
</Search>","The Rite Aid Tussin DM Cough Suppressant and Chest Congestion Medicine is not intended for use in children under 12 years of age. Therefore, it should not be given to an eight-year-old.",cough and chest congestion DM MAX label information,Rite Aid Tussin DM Cough Suppressant,True,0.0,0.0,0.0,0.0,0.0,0.0,0.0625,0.5333333333333333,0.4708333333333333,0.0,,,0.04081632653061224,0.4,0.3591836734693878,0.13333333333333333,0.8,0.6666666666666667,0.07407406990397829,,
e2f3f81c-49bb-4c17-91a8-d91d49a0ed0f,what is the parent company for this car's brand?,missing_final_answer,ok,"<Thought>
The retrieved documents provide information about different car brands, but none of them match the car in the image. The car in the image appears to be a white sports car with a sleek design, which is not clearly identified by the retrieved documents. We need to identify the car brand from the image itself.
</Thought>
<Sub-Question>
What is the brand of the car in the image?
</Sub-Question>
<Search>
Image Retrieval: car brand identification from the image
</Search>","The parent company for the car's brand, Range Rover, is Tata Motors, which is owned by Tata Group.",car brand in the image,Range Rover,True,0.0,0.0,0.0,0.0,0.0,0.0,0.027397260273972605,0.16666666666666666,0.13926940639269406,0.0,,,0.015384615384615385,0.125,0.10961538461538461,0.125,0.25,0.125,0.06896551461950069,,
e46f1f84-714e-4750-930e-09aa7433d5ee,does this product only come in 120 spray sizes?,missing_final_answer,missing_final_answer,"<Thought>
The retrieved documents do not provide information about the product sizes. We need to look for more specific information about the product sizes.
</Thought>
<Sub-Question>
Does the product only come in 120 spray sizes?
</Sub-Question>
<Search>
Text Retrieval: product sizes of the product in the image.
</Search>","<Thought>
The retrieved documents do not provide any information about the product being held in the image. The image shows a product in a store, but the product's name or type is not specified. To answer the question, we need to know the exact product name or type of the product being held in the image.
</Thought>
<Sub-Question>
What is the exact product name or type of the product being held in the image?
</Sub-Question>
<Search>
Text Retrieval: ""exact product name or type of the product being held in the image""",product name or type in the image,Flonase Sensimist Non-Drowsy 24HR Allergy Relief spray,True,0.0,0.0,0.0,0.0,0.0,0.0,0.13793103448275862,0.06593406593406594,-0.07199696854869268,0.0,,,0.09523809523809523,0.04,-0.05523809523809523,0.25,0.1875,-0.0625,0.15999999580000013,,
e491a1d9-d970-4faf-819c-b5caaff9c3ae,where was the founder of this car brand born?,missing_final_answer,ok,"<Thought>
The retrieved documents do not provide information about the car brand associated with the van in the image. The van is related to ""Montgomery Alabama Corps,"" but this does not seem to be a car brand. We need to find more specific information about the car brand.
</Thought>
<Sub-Question>
What is the car brand associated with the van in the image?
</Sub-Question>
<Search>
Text Retrieval: ""van in the image with 'Montgomery Alabama Corps' text""
</Search>","The founder of the Ford Motor Company, Henry Ford, was born on a farm near Dearborn, Michigan, in 1863.",car brand associated with the van in the image,birthplace of Ford founder,True,0.0,0.0,0.0,0.0,0.0,0.0,0.02702702702702703,0.56,0.5329729729729731,0.0,,,0.015384615384615385,0.4375,0.4221153846153846,0.1111111111111111,0.7777777777777778,0.6666666666666667,0.07017543570329343,,
e7c881dc-7026-47bf-9a86-2ad6afe2b3de,are there latte options on this coffee machine?,missing_final_answer,ok,"<Thought>
The retrieved documents do not provide specific information about the types of drinks the coffee machine can make. However, the image shows a coffee machine with a display screen and some coffee blends, which suggests that it might have latte options. We need to look for more specific information about the coffee machine in the image.
</Thought>
<Sub-Question>
Are there latte options on this coffee machine?
</Sub-Question>
<Search>
Image Retrieval: coffee machine with latte options
</Search>","Yes, the coffee machine in the image likely has latte options.",coffee machine with latte options,coffee machine latte options,True,0.0,0.0,0.0,0.0,0.0,0.0,0.12820512820512822,0.3333333333333333,0.2051282051282051,0.0,,,0.07246376811594203,0.3333333333333333,0.2608695652173913,0.5555555555555556,0.3333333333333333,-0.22222222222222227,0.1538461512426036,,
eaab8630-64ed-4feb-84e3-a20e0db97258,what is the name of the basketball team in the city where this brand car was founded?,ok,missing_final_answer,The basketball team in the city where Mercedes-Benz was founded is the Germany men's national basketball team.,"<Thought>
The car in the image is a white SUV, but the brand is not clearly visible. Based on the retrieved documents, the car in the image is a white SUV, but the brand is not clearly visible. I need to identify the brand of the car to find out the city where the brand was founded. Once I have the brand, I can search for the basketball team in the city where the brand was founded.
</Thought>
<Sub-Question>
What is the brand of the car in the image?
</Sub-Question>
<Search>
Text Retrieval: brand of the car in the image",brand of the car in the image,Detroit Pistons,True,0.0,0.0,0.0,0.0,0.0,0.0,0.4137931034482759,0.17204301075268819,-0.24175009269558773,0.0,,,0.42857142857142855,0.10256410256410256,-0.32600732600732596,0.4,0.5333333333333333,0.1333333333333333,0.4999999950000001,,
eb4c4ad6-3733-4c3d-82d4-43f06b64b64a,who founded this company?,missing_final_answer,missing_final_answer,"<Thought>
The retrieved documents provide information about various companies, but none of them directly answer the question ""who founded this company?"" without knowing the specific company name. The question is not clear enough to determine the company in question. To provide a precise answer, we need to know the name of the company.
</Thought>
<Sub-Question>
What is the name of the company being referred to in the question?
</Sub-Question>
<Search>
Text Retrieval: ""company name""
</Search>","<Thought>
The retrieved documents do not provide any information about the company being referred to in the question. To answer the question ""who founded this company?"", we need to know the name of the company in question.
</Thought>
<Sub-Question>
What is the name of the company being referred to in the question?
</Sub-Question>
<Search>
Text Retrieval: ""company name""",company name,Ray Ban,True,0.0,0.0,0.0,0.0,0.0,0.0,0.05714285714285714,0.07272727272727272,0.015584415584415583,0.0,,,0.03125,0.04081632653061224,0.009566326530612242,0.3333333333333333,0.3333333333333333,0.0,0.06779660834243038,,
ec36f4be-a703-424d-8464-d8605c27f55e,what's the scientific name for this tree?,generation_error,ok,"<Thought>
The scientific name for the genus that includes plants with compound leaves and 14-30 leaflets is Sapindus.
</Thought>
<Sub-Question>
What is the scientific name for the genus that includes plants with compound leaves and 14-30 leaflets?
</Sub-Question>
<Search>
Text Retrieval: Sapindus scientific name
</Search>",The scientific name for the tree in the image is Schefflera arboricola.,plant with compound leaves scientific name,Schefflera arboricola,True,0.0,0.0,0.0,0.0,0.0,0.0,0.037735849056603765,0.380952380952381,0.3432165318957772,0.0,,,0.024390243902439025,0.4444444444444444,0.4200542005420054,0.08333333333333333,0.3333333333333333,0.25,0.10256409830374771,,
ecd84deb-70b6-4761-a59f-60487cc04b90,are there any other luxury watch stores near this one?,missing_final_answer,missing_final_answer,"<Thought>
The retrieved documents do not provide specific information about luxury watch stores near the Breitling store in the image. However, we can infer that there might be other luxury watch stores in the vicinity of the Breitling store, as it is a luxury watch store itself. To get a precise answer, we need to search for nearby stores in the area.
</Thought>
<Sub-Question>
Are there any other luxury watch stores near the Breitling store in the image?
</Sub-Question>
<Search>
Text Retrieval: luxury watch stores near Breitling store in the image
</Search>","<Thought>
The retrieved documents do not provide information about luxury watch stores near the Breitling store in the image. We need to search for nearby stores in the area.
</thought>
<Sub-Question>
Are there any other luxury watch stores near the Breitling store in the image?
</Sub-Question>
<Search>
Text Retrieval: luxury watch stores near Breitling store in the image</Search>",nearby luxury watch stores in the area of the Breitling store in the image.,luxury watch stores near Breitling store,True,0.0,0.0,0.0,0.0,0.0,0.0,0.04,0.05714285714285714,0.01714285714285714,0.0,,,0.024691358024691357,0.0392156862745098,0.014524328249818447,0.10526315789473684,0.10526315789473684,0.0,0.054054050372534954,,
eda47d0d-50c8-4a57-9b9c-818527e842a1,where was this founded?,missing_final_answer,ok,"<Thought>
The brand name ""Cookies & not milks"" is not clearly identified in the documents. However, the question is asking about the location where the store was founded. Since the brand name is not clear, we can infer that the store might be a local or regional one. To find the exact location where this store was founded, we would need to research the specific brand name or use a more general search for ""Cookies & not milks"" to find the store's location.
</Thought>
<Sub-Question>
What is the name of the brand associated with the logo on the box in the foreground?
</Sub-Question>
<Search>
Text Retrieval: ""Cookies & not milks brand name""
</Search>",Insomnia Cookies was founded in a college dorm room in 2003 at the University of Pennsylvania.,Cookies & not milks logo brand name,Insomnia Cookies founded location,True,0.0,0.0,0.0,0.0,0.0,0.0,0.08080808080808081,0.5,0.41919191919191917,0.0,,,0.043010752688172046,0.35714285714285715,0.3141321044546851,0.6666666666666666,0.8333333333333334,0.16666666666666674,0.07999999852800002,,
eead4a97-8abf-4fbe-9931-cf26d3408499,what is the horsepower of this car?,missing_final_answer,missing_final_answer,"<Thought>
The retrieved documents do not provide information about the make and model of the car in the image. We need to identify the car in the image and then find its specifications.
</thought>
<Sub-Question>
What is the make and model of the car in the image?
</Sub-Question>
<Search>
Image Retrieval: ""car identification from image""
</Search>","<Thought>
The retrieved documents provide information about the 2020 Honda CR-V Hybrid, which is the most powerful and efficient CR-V to date. The hybrid powertrain is available in all four trims—LX, EX, EX-L, and Touring. The 2020 Honda CR-V Hybrid uses the same two-motor system as the Accord Hybrid, which gets a 2.0-liter Atkinson-cycle engine that produces 143 hp and 129 lb-ft of torque. An electric motor produces 181 hp and 232 lb-ft, which means that its 212 combined horsepower make it 22-hp more powerful than the gas version.
</Thought>
<Sub-Question>
What is the horsepower of the 2020 Honda CR-V Hybrid?
</Sub-Question>
<Search>
Text Retrieval: ""2020 Honda CR-V Hybrid horsepower""",make and model of the car in the image,Honda CR-V 6th Generation hybrid drivetrains,True,0.0,0.0,0.0,0.0,0.0,0.0,0.07142857142857142,0.037383177570093455,-0.03404539385847797,0.0,,,0.0425531914893617,0.02040816326530612,-0.02214502822405558,0.2222222222222222,0.2222222222222222,0.0,0.08163264981257823,,
f15910f1-2c1b-45a1-8dd8-0472e04562ee,who was one of the first to introduce these shoes designs in london?,missing_final_answer,ok,"<Thought>
The retrieved documents do not provide specific information about the introduction of loafers in London. We need to find more specific information about the introduction of loafers in London.
</Thought>
<Sub-Question>
Who was the first person to introduce loafers in London?
</Sub-Question>
<Search>
Text Retrieval: first person to introduce loafers in London
</Search>",Matthew and Rebecca Wildsmith were one of the first to introduce loafers in London.,history of loafers in London,Wildsmith Loafer,True,0.0,0.0,0.0,0.0,0.0,0.0,0.15625,0.4444444444444445,0.2881944444444445,0.0,,,0.1,0.46153846153846156,0.3615384615384616,0.35714285714285715,0.42857142857142855,0.0714285714285714,0.1249999958680557,,
f19b369e-ce93-4d1e-9401-746b22706b76,what year did the artist finish this?,missing_final_answer,missing_final_answer,"<Thought>
The image appears to be a lithograph by M.C. Escher, and the specific piece is ""Print Gallery."" According to the retrieved documents, ""Print Gallery"" was created in 1956. Therefore, the artist finished this work in 1956.
</Thought>
<Sub-Question>
What is the title of the illustration in the image?
</Sub-Question>
<Search>
Text Retrieval: ""M.C. Escher illustration in the image""
</Search>","<Thought>
The artwork in the image is ""Starry Night and the Astronauts"" by Alma Thomas, which was created in 1972. This information is derived from the text retrieved from the image.
</Thought>
<Sub-Question>
What is the name of the artwork in the image?
</Sub-Question>
<Search>
No Retrieval.",artwork in the image by M.C. Escher,Stars (M. C. Escher),True,0.0,0.0,0.0,0.0,0.0,0.0,0.13333333333333333,0.041666666666666664,-0.09166666666666667,0.0,,,0.0784313725490196,0.02564102564102564,-0.05279034690799397,0.4444444444444444,0.1111111111111111,-0.3333333333333333,0.10526315523545714,,
f217dc08-58eb-4b15-adb2-6bd790ec78dd,when did manifacturing for the predecessor of this car stop?,missing_final_answer,missing_final_answer,"<Thought>
The retrieved documents do not provide specific information about the make and model of the car in the image. We need to identify the make and model of the car in the image to find out when the manufacturing of its predecessor stopped.
</thought>
<Sub-Question>
What is the make and model of the car in the image?
</Sub-Question>
<Search>
Text Retrieval: ""white compact car in the image""
</Search>","<Thought>
The retrieved documents do not provide information about the manufacturing stop date for the predecessor of the car in the image. The documents are about the Riley Center and the Floridan Hotel, which are not related to the car in the image. We need to identify the car model in the image to proceed.
</thought>
<Sub-Question>
What is the make and model of the car in the image?
</Sub-Question>
<Search>
Image Retrieval: The car in the image is a white sedan.",car model in the image,manufacturing stop date for Toyota Publica,True,0.0,0.0,0.0,0.0,0.0,0.0,0.14705882352941174,0.1333333333333333,-0.013725490196078438,0.0,,,0.08771929824561403,0.078125,-0.00959429824561403,0.45454545454545453,0.45454545454545453,0.0,0.11320754388038456,,
f246eacd-c435-428f-a77e-079c43e4206c,when was the artist who made this born?,ok,missing_final_answer,"The artist who made this sculpture, Michelangelo, was born in 1475.","<Thought>
The retrieved documents provide information about Andrea della Robbia and his work, including the creation date of the sculpture. The creation date of the sculpture is around 1475. To find the birth year of Andrea della Robbia, we need to search for his birth date.
</Thought>
<Sub-Question>
When was Andrea della Robbia born?
</Sub-Question>
<Search>
Text Retrieval: birth year of Andrea della Robbia
</Search>",,Andrea della Robbia,False,0.0,0.0,0.0,0.0,0.0,0.0,0.21428571428571427,0.12987012987012986,-0.08441558441558442,0.0,,,0.3,0.0847457627118644,-0.21525423728813559,0.16666666666666666,0.2777777777777778,0.11111111111111113,0.13333332868888906,,
f3ba6607-afac-421c-b64c-15cbe4c2e458,where is the company that makes the red car headquartered?,ok,ok,"The headquarters of Lotus Cars is located in Hethel, Norfolk, England.","The company that makes the red car, Toyota, is headquartered in Japan.",red car make identification,Toyota,True,0.0,0.0,0.0,0.0,0.0,0.0,0.1904761904761905,0.5714285714285713,0.3809523809523808,0.0,,,0.2,0.6,0.39999999999999997,0.18181818181818182,0.5454545454545454,0.3636363636363636,0.18181817681818196,,
f5384e55-3078-44c6-9e11-401b38d9e41c,why was he rejected in jerusalem?,ok,ok,"Jesus was rejected in Jerusalem because the people may have regarded him as a threat to stability, especially after he caused a disturbance at the Second Temple. His triumphal entry into Jerusalem may have also contributed to this decision.",": Lehi was rejected in Jerusalem because he prophesied that the city would be destroyed, and the people in Jerusalem did not believe that a big city like Jerusalem could be destroyed. They were angry at Lehi's prophecy, which led to the rejection of Lehi and his family.",reason for someone being rejected in Jerusalem,why was Lehi rejected in Jerusalem,True,0.0,0.0,0.0,0.0,0.0,0.0,0.18604651162790695,0.19607843137254904,0.010031919744642098,0.0,,,0.11428571428571428,0.11627906976744186,0.0019933554817275767,0.5,0.625,0.125,0.1463414602736467,,
f57b9082-a2de-47fd-90b0-1b203c6b1d62,who invented this?,missing_final_answer,ok,"<Thought>
The retrieved documents do not provide specific information about the product in the box. The documents mention various products and inventions, but none of them directly relate to the product in the box. I need more specific information about the product to determine its inventor.
</Thought>
<Sub-Question>
What is the product in the box?
</Sub-Question>
<Search>
Text Retrieval: product in the box
</Search>",The QWERTY keyboard was invented by Christopher Latham Sholes.,product in the box,inventor of QWERTY keyboard,True,0.0,0.0,0.0,0.0,0.0,0.0,0.03125,0.7777777777777777,0.7465277777777777,0.0,,,0.018518518518518517,0.875,0.8564814814814815,0.1,0.7,0.6,0.037037033580247236,,
f67706a4-9ee2-424b-9570-a8d8e2bd287b,how many units of this car were sold globally in 2023?,ok,ok,The exact number of units sold globally in 2023 for this car model cannot be determined from the provided information.,"The car in the image is the Tesla Model Y, and it sold 1.2 million units globally in 2023.",blue car model identification,global sales of Tesla Model Y in 2023,True,0.0,0.0,0.0,0.0,0.0,0.0,0.3846153846153846,0.5833333333333334,0.1987179487179488,0.0,,,0.2777777777777778,0.4375,0.1597222222222222,0.625,0.875,0.25,0.2068965474435197,,
f6ab627d-edf9-4c20-bf42-a9c1356f9eea,how many chapters are in this book?,ok,missing_final_answer,The book consists of ten chapters.,"<Thought>
The retrieved documents do not provide the table of contents or the book's metadata for ""A Brief History of Time"" by Stephen Hawking. We need to look for the table of contents or the book's metadata to find the answer.
</Thought>
<Sub-Question>
Where can I find the table of contents or the book's metadata for ""A Brief History of Time"" by Stephen Hawking?
</Sub-Question>
<Search>
Text Retrieval: ""table of contents A Brief History of Time Stephen Hawking""",title of the book in the image,total number of chapters in A Brief History of Time,True,0.0,0.0,0.0,0.0,0.0,0.0,0.3333333333333333,0.10810810810810811,-0.2252252252252252,0.0,,,0.4,0.05970149253731343,-0.3402985074626866,0.2857142857142857,0.5714285714285714,0.2857142857142857,0.2857142808163266,,
f70df806-a32d-4807-8522-59870fc1a073,when was this company founded?,missing_final_answer,ok,"<Thought>
The retrieved documents provide information about various companies, but none of them directly answer the question about when a specific company was founded. To provide a precise answer, we need to know the name of the company in question. Since the company name is not provided, we cannot determine the founding date of the company.
</Thought>
<Sub-Question>
What is the name of the company you are asking about?
</Sub-Question>
<Search>
Text Retrieval: company name
</Search>",Ray-Ban was established in 1937.,name of the company,Ray Ban,True,0.0,0.0,0.0,0.0,0.0,0.0,0.08450704225352113,0.3636363636363636,0.27912932138284247,0.0,,,0.046153846153846156,0.4,0.35384615384615387,0.5,0.3333333333333333,-0.16666666666666669,0.1034482740071344,,
f784858b-236a-4b56-8323-db04dbb5b7c0,what are the dimensions of this backpack?,ok,missing_final_answer,The dimensions of the backpack in the image are not available in the provided information.,"<Thought>
The retrieved documents do not provide information about the dimensions of the backpack. I need to focus on the image to estimate the dimensions.
</Thought>
<Sub-Question>
What is the approximate height of the backpack in the image?
</Sub-Question>
<Search>
Image Retrieval: The backpack in the image.
</Search>",,No Boundaries Women's Dome Backpack dimensions,False,0.0,0.0,0.0,0.0,0.0,0.0,0.27586206896551724,0.10714285714285714,-0.1687192118226601,0.0,,,0.36363636363636365,0.07894736842105263,-0.284688995215311,0.2222222222222222,0.16666666666666666,-0.05555555555555555,0.32258064041623313,,
f7fe68db-ee7b-4d48-bfb3-a036767097f1,where did the vice chancellor of this university get his degrees?,missing_final_answer,ok,"<Thought>
The retrieved documents do not provide specific information about the degrees of the vice chancellor of the university. We need to search for more specific information about the vice chancellor of the university.
</Thought>
<Sub-Question>
Where did the vice chancellor of this university get his degrees?
</Sub-Question>
<Search>
Text Retrieval: vice chancellor degrees specific university
</Search>","The vice chancellor of Bingham University, Prof. Haruna Kuje Ayuba, earned his Bachelor of Science Degree in Geography at Bayero University, Kano, and proceeded to the University of Ibadan, Oyo State, where he earned a Master of Science and Ph.D. degrees.",vice chancellor degrees university,vice chancellor Haruna Kuje Ayuba degrees Bingham University,True,0.0,0.0,0.0,0.0,0.0,0.0,0.1891891891891892,0.5806451612903226,0.3914559721011334,0.0,,,0.14,0.47368421052631576,0.33368421052631575,0.2916666666666667,0.75,0.4583333333333333,0.14545454082644643,,
fa3c8d05-d3e0-4f94-8c80-b750fa487995,how tall is this building compared to the tallest building in the united states?,generation_error,ok,"<Thought>
The height of the building in the image is not provided in the retrieved documents. I need to search for the height of the building in the image to compare it with the tallest building in the United States.
</thought>
<Sub-Question>
What is the height of the building in the image?
</Sub-Question>
<Search>
Text Retrieval: height of the building in the image
</Search>","The building in the image is much shorter than the tallest building in the United States, which is One World Trade Center, standing at 1,776 feet.",,height of Sutton 58,False,0.0,0.0,0.0,0.0,0.0,0.0,0.13157894736842105,0.4999999999999999,0.36842105263157887,0.0,,,0.1,0.5454545454545454,0.44545454545454544,0.19230769230769232,0.46153846153846156,0.2692307692307693,0.17543859161588196,,
fb3c32ac-2147-4d6c-b0fb-7441c373d692,what inventions is the exhibition best known for where this first appeared?,missing_final_answer,ok,"<Thought>
The retrieved documents do not provide specific information about the exhibition where the souvenir is from. The documents are mostly about New York City and its landmarks, but they do not mention a specific exhibition. We need more context or information to determine the name of the exhibition.
</Thought>
<Sub-Question>
What is the name of the exhibition where the souvenir is from?
</Sub-Question>
<Search>
Text Retrieval: ""souvenir from New York exhibition""
</Search>","The Eiffel Tower was first built in 1889 at the Exposition Universelle of 1889 in Paris, France.",exhibition inventions,Exposition Universelle of 1878 inventions,True,0.0,0.0,0.0,0.0,0.0,0.0,0.09638554216867469,0.2285714285714286,0.13218588640275392,0.0,,,0.06349206349206349,0.26666666666666666,0.20317460317460317,0.2,0.2,0.0,0.11940298101136125,,
fb70742c-be21-4665-9383-e1f98dae15f6,can i get a relocatable 30a ac version of one of these in the usa legally?,missing_final_answer,missing_final_answer,"<Thought>
The retrieved documents do not provide specific information about the legality of relocatable 30A AC devices in the USA. To answer the sub-question, I need to search for more specific information on the topic.
</Thought>
<Sub-Question>
Can a relocatable 30A AC version of a device be legally obtained in the USA?
</Sub-Question>
<Search>
Text Retrieval: relocatable 30","<Thought>
The retrieved documents provide information about the use and regulations of relocatable power taps (RPTs) in the USA. According to the documents, relocatable power taps are intended for indoor use and are not to be used to power appliances such as coffee pots, microwave ovens, toasters, or refrigerators. They are not to be series-connected to other RPTs or connected to extension cords. The documents also mention that certification by a trusted independent third party is necessary for relocatable power taps to be ready for code authority acceptance when installed in accordance with the installation instructions. However, the documents do not provide information on the legality of obtaining a relocatable 30A AC version of a device in the USA.
</Thought>
<Sub-Question>
Is it legal to obtain a relocatable 30A AC version of a device in the USA?
</Sub-Question>
<Search>
Text Retrieval: legality of relocatable 30A AC devices in the USA",relocatable 30A AC device legality in the USA,relocatable power taps,True,0.0,0.0,0.0,0.0,0.0,0.0,0.08955223880597014,0.09271523178807947,0.0031629929821093278,0.0,,,0.06,0.05223880597014925,-0.007761194029850746,0.17647058823529413,0.4117647058823529,0.2352941176470588,0.06451612505202939,,
fc59077e-db06-487a-ad96-ac5ff1c51c15,what seasons can i use this in?,generation_error,ok,"<Thought>
The retrieved documents do not provide specific information about the seasons in which the ""Tree & Shrub Protect & Feed"" product can be used. The documents are related to various plants and shrubs, but they do not mention the product or its usage seasons. Therefore, I need to look for more specific information about the product.
</Thought>
<Sub-Question>
What seasons are recommended for using the ""Tree & Shrub Protect & Feed"" product?
</Sub-Question>
<Search>
Text Retrieval: ""Tree & Shrub Protect & Feed"" usage seasons
</Search>","The ""Tree & Shrub Protect & Feed"" product by BioAdvanced can be used in all seasons to maintain the health and beauty of trees and shrubs.","Tree & Shrub Protect & Feed"" season recommendation",BioAdvanced Tree & Shrub Protect & Feed season recommendation,True,0.0,0.0,0.0,0.0,0.0,0.0,0.17777777777777778,0.46153846153846156,0.28376068376068375,0.0,,,0.1095890410958904,0.4090909090909091,0.2995018679950187,0.47058823529411764,0.5294117647058824,0.05882352941176472,0.112676052553065,,
fd82b099-a54f-4580-b7eb-44d1d6a9c837,who is the founder of this company?,missing_final_answer,ok,"<Thought>
The retrieved documents provide information about various companies, but they do not specify the name of the company in question. We need to know the name of the company to find its founder.
</Thought>
<Sub-Question>
What is the name of the company?
</Sub-Question>
<Search>
Text Retrieval: ""name of the company""
</Search>",The founder of Quizlet is Andrew Sutherland.,name of the company,Quizlet,True,0.0,0.0,0.0,0.0,0.0,0.0,0.08695652173913043,0.1935483870967742,0.10659186535764376,0.0,,,0.06818181818181818,0.5,0.4318181818181818,0.12,0.12,0.0,0.06349205877551055,,
fe584f6e-7b13-4234-a3d1-9863218fd1c8,"how long are the leaves of this plant, usually?",missing_final_answer,ok,"<Thought>
The retrieved documents do not provide specific information about the plant species in the image. I need to identify the plant species to determine the typical length of its leaves.
</Thought>
<Sub-Question>
What is the species of the plant in the image?
</Sub-Question>
<Search>
Image Retrieval: Identify the plant species in the image.
</Search>","The typical length of the leaves of the Majestic Palm (Ravenea rivularis) is not explicitly stated in the image or the provided documents. However, given the broad and long appearance of the leaves in the image, it can be inferred that the leaves are likely to be several centimeters to a few decimeters in length.","identify the plant species in the image with large, broad leaves",Majestic Palm,True,0.0,0.0,0.0,0.0,0.0,0.0,0.10526315789473685,0.17543859649122806,0.07017543859649121,0.0,,,0.06666666666666667,0.1111111111111111,0.04444444444444444,0.25,0.4166666666666667,0.16666666666666669,0.12244897569346119,,
fe6512e1-6e5d-47d5-8535-949404643173,how many pages are in this book?,missing_final_answer,ok,"<Thought>
Since the number of pages is not visible on the back cover, we need to look at the front cover or the spine of the book to find the number of pages.
</Thought>
<Sub-Question>
What is the number of pages in the book shown in the image?
</Sub-Question>
<Search>
No Retrieval.
</Search>","Based on the context and typical length of comprehensive historical works, ""The Bright Ages"" is likely to have more than 300 pages.","number of pages in the book ""The Bright Ages",number of pages in The Bright Ages by Matthew Gabriele and David M. Perry,True,0.0,0.0,0.0,0.0,0.0,0.0,0.06779661016949153,0.2285714285714286,0.16077481840193708,0.0,,,0.045454545454545456,0.2,0.15454545454545454,0.13333333333333333,0.26666666666666666,0.13333333333333333,0.11999999564800015,,
fe79e8e4-e9b6-44d3-af0c-024056e1911b,where was the first of this found?,missing_final_answer,ok,"<Thought>
The retrieved documents provide information about various discoveries, but none of them directly answer the question ""where was the first of this found?"" without more context. The question is still unclear about what ""this"" refers to. To provide a precise answer, I need to know what ""this"" is in the context of the input question.
</Thought>
<Sub-Question>
What does ""this"" refer to in the context of the input question?
</Sub-Question>
<Search>
Text Retrieval: ""this"" in the context of ""where was the first of this found""
</Search>",The first aviary was found in the Aztec city of Tenochtitlan in 1521.,context of 'this' in the input question,first aviary found location,True,0.0,1.0,1.0,0.0,0.0,0.0,0.11764705882352941,0.9,0.7823529411764706,0.0,,,0.06578947368421052,0.8181818181818182,0.7523923444976077,0.5555555555555556,1.0,0.4444444444444444,0.12698412431342912,,
feca1694-bec1-4693-b3f6-14bcb2c0dc0d,where is this buisiness located?,missing_final_answer,ok,"<Thought>
The retrieved documents do not provide a specific business name or location associated with the image of makeup brushes and beauty products. The documents are mostly about cosmetics and beauty, but they do not give enough context to determine the business location. We need more information to answer the question accurately.
</Thought>
<Sub-Question>
Can you provide more context about the image or the business associated with it?
</Sub-Question>
<Search>
Text Retrieval: more context about the image of makeup brushes and beauty products.
</Search>",The location of the business associated with the image cannot be determined from the provided information.,business name in the image,Reecho Hair location,True,0.0,0.0,0.0,0.0,0.0,0.0,0,0,0.0,0.0,,,0,0,0.0,0,0,0.0,0.0,,
ff1b94fe-22da-47d6-b5b3-2164f5741d70,how tall is that building?,generation_error,ok,"<Thought>
The retrieved documents mention the Chrysler Building, which is known for its spire that was secretly assembled inside the building to claim the title of the world's tallest building. The total height of the Chrysler Building, including the spire, is 1,048 feet (319 m). However, the image does not provide enough information to determine the height of a specific building in the image. Additional context or information is needed to answer this question.
</Thought>
<Sub-Question>
What is the height of the building in the image?
</Sub-Question>
<Search>
Text Retrieval: ""height of the building in the image""
</Search>","The height of the building in the background of the image is approximately 5'9"" tall.",height of the building in the background of the image,height of Sutton 58,True,0.0,0.0,0.0,0.0,0.0,0.0,0.06741573033707865,0.2105263157894737,0.14311058545239505,0.0,,,0.037037037037037035,0.18181818181818182,0.1447811447811448,0.375,0.25,-0.125,0.08450704025391792,,
ff23c66f-8c4f-4b7e-946a-d3d6e3c41d1b,what's the first position?,ok,ok,"The first page of the book in the image is the title page or the first page of the sheet music, which contains the musical notation.",The first page of the book in the image is page 128.,,first page of a book sheet music rest position,False,0.0,0.0,0.0,0.0,0.0,0.0,0.16666666666666666,0.2857142857142857,0.11904761904761904,0.0,,,0.10526315789473684,0.2222222222222222,0.11695906432748537,0.4,0.4,0.0,0.27272726921487606,,
ff9cd253-33fa-4de7-930d-5d3a531077b9,which age did the civilization that invented this belong to?,ok,missing_final_answer,"The civilization that invented the button in the image likely belongs to the medieval period or a later era, as metal buttons were commonly used during this time.","<Thought>
The retrieved documents provide information about the Iron Age, which is the final epoch of the three historical Metal Ages, after the Chalcolithic and Bronze Age. The Iron Age began around 1200 BC in the Middle East and southeastern Europe and continued until around 550 BC. The civilization that invented the button shown in the image could be from the Iron Age, which is the period when people across much of Europe, Asia, and parts of Africa began making tools and weapons from iron and steel.
</Thought>
<Sub-Question>
What is the date range of the Iron Age?
</Sub-Question>
<Search>
Text Retrieval: ""Iron Age date range""",history of buttons,Indus Valley civilization button invention,True,0.0,0.0,0.0,0.0,0.0,0.0,0.22857142857142854,0.07692307692307691,-0.1516483516483516,0.0,,,0.17391304347826086,0.043478260869565216,-0.13043478260869565,0.3333333333333333,0.3333333333333333,0.0,0.15384614940170957,,
